id,time,appCat.game
AS14.01,2014-03-28 18:30:14.595,41.125
AS14.01,2014-03-28 18:31:03.763,191.911
AS14.01,2014-03-31 14:07:30.346,51.176
AS14.01,2014-04-01 11:06:34.125,102.93
AS14.01,2014-04-01 11:08:44.630,3.006
AS14.01,2014-04-01 11:09:04.691,128.805
AS14.01,2014-04-06 20:20:13.029,56.163
AS14.01,2014-04-06 20:21:13.223,58.243
AS14.01,2014-04-10 12:52:17.223,1.059
AS14.01,2014-04-19 12:46:35.923,29.084
AS14.01,2014-04-29 13:20:26.332,295.094
AS14.01,2014-04-29 14:50:37.148,38.211
AS14.06,2014-03-30 20:30:09.234,344.01
AS14.06,2014-03-30 20:36:43.915,687.163
AS14.06,2014-03-30 21:37:41.878,1355.159
AS14.06,2014-04-01 23:22:15.107,866.915
AS14.06,2014-04-03 20:25:58.440,9.028
AS14.06,2014-04-04 18:22:01.923,61.24
AS14.06,2014-04-04 20:36:26.226,255.029
AS14.06,2014-04-04 20:52:43.645,458.229
AS14.06,2014-04-04 21:00:42.885,138.588
AS14.06,2014-04-04 21:14:49.555,349.762
AS14.06,2014-04-04 23:18:36.180,373.884
AS14.06,2014-04-08 00:37:36.686,636.958
AS14.06,2014-04-10 13:24:16.980,9.124
AS14.06,2014-04-12 11:21:37.382,371.671
AS14.06,2014-04-18 12:49:11.815,76.947
AS14.07,2014-04-29 08:09:32.700,14.065
AS14.09,2014-04-04 23:02:22.858,175.019
AS14.09,2014-04-05 11:46:48.585,80.992
AS14.12,2014-03-31 21:25:49.661,11.03
AS14.12,2014-04-01 23:06:49.125,3.766
AS14.12,2014-04-05 11:40:12.979,4.009
AS14.12,2014-04-07 19:47:21.440,5.09
AS14.12,2014-04-07 19:47:34.614,9.982
AS14.12,2014-04-07 19:47:47.868,93.266
AS14.12,2014-04-09 15:45:07.720,153.669
AS14.12,2014-04-09 15:50:01.378,3.017
AS14.12,2014-04-09 16:37:08.375,23.127
AS14.12,2014-04-10 15:04:38.661,5.149
AS14.12,2014-04-20 11:58:34.256,169.416
AS14.12,2014-04-20 12:03:18.559,71.187
AS14.12,2014-04-20 12:04:52.930,153.406
AS14.12,2014-04-20 16:59:00.036,46.136
AS14.12,2014-04-20 18:46:54.621,110.269
AS14.12,2014-04-21 17:20:49.312,61.195
AS14.12,2014-05-01 23:46:35.138,79.316
AS14.12,2014-05-01 23:47:56.471,102.295
AS14.14,2014-04-20 20:46:02.046,169.699
AS14.16,2014-04-10 12:34:39.901,162.983
AS14.17,2014-04-24 18:24:30.309,2562.907
AS14.17,2014-05-01 16:10:55.871,4115.297
AS14.17,2014-05-01 20:24:51.144,323.041
AS14.17,2014-05-01 20:31:02.721,208.529
AS14.17,2014-05-01 20:40:34.586,8.291
AS14.17,2014-05-01 20:45:21.720,504.153
AS14.17,2014-05-01 20:58:54.594,3.731
AS14.17,2014-05-01 21:19:11.184,187.359
AS14.17,2014-05-01 21:23:06.398,13.933
AS14.19,2014-04-05 20:28:32.855,183.365
AS14.19,2014-04-05 21:00:47.216,5.087
AS14.19,2014-04-05 21:01:08.358,32.776
AS14.19,2014-04-05 21:02:02.720,129.316
AS14.19,2014-04-05 22:17:23.092,8.286
AS14.19,2014-04-05 22:53:24.128,2.152
AS14.19,2014-04-18 16:47:40.273,229.132
AS14.20,2014-03-20 22:52:22.509,33.621
AS14.20,2014-03-20 22:54:33.319,29.673
AS14.20,2014-03-24 22:11:04.255,445.804
AS14.20,2014-03-25 21:10:07.546,141.273
AS14.20,2014-03-25 21:12:53.911,162.958
AS14.20,2014-03-25 21:15:57.940,43.155
AS14.20,2014-03-27 19:59:53.180,194.822
AS14.20,2014-03-27 20:03:38.142,160.937
AS14.20,2014-03-27 20:06:31.135,268.962
AS14.20,2014-03-29 12:02:51.540,494.903
AS14.20,2014-04-01 18:17:02.648,953.245
AS14.20,2014-04-04 22:58:15.257,546.803
AS14.20,2014-04-05 21:51:08.210,311.254
AS14.20,2014-04-05 21:57:12.753,39.349
AS14.20,2014-04-05 22:01:43.298,71.984
AS14.20,2014-04-06 16:50:36.148,55.288
AS14.20,2014-04-06 18:16:57.003,362.904
AS14.20,2014-04-07 00:07:42.992,530.69
AS14.20,2014-04-08 10:22:47.220,531.717
AS14.20,2014-04-12 19:20:01.701,1.003
AS14.20,2014-04-12 23:09:12.602,403.373
AS14.20,2014-04-13 07:58:12.273,569.675
AS14.20,2014-04-17 21:52:05.967,88.488
AS14.20,2014-04-17 22:05:17.943,408.407
AS14.20,2014-04-19 20:44:26.903,196.45
AS14.20,2014-04-28 07:52:14.082,141.483
AS14.20,2014-04-28 08:38:28.878,132.191
AS14.20,2014-04-28 22:33:05.471,287.333
AS14.23,2014-03-26 23:01:24.832,26.11
AS14.23,2014-03-26 23:02:09.582,23.249
AS14.23,2014-03-26 23:04:45.789,53.618
AS14.23,2014-03-26 23:05:41.832,76.925
AS14.23,2014-03-27 01:52:24.003,248.351
AS14.23,2014-03-27 01:59:30.345,284.697
AS14.23,2014-03-27 02:04:15.043,129.676
AS14.23,2014-03-27 02:09:16.555,124.073
AS14.23,2014-03-27 04:23:21.707,14.971
AS14.23,2014-03-27 09:16:56.190,197.326
AS14.23,2014-03-27 09:38:51.778,21.747
AS14.23,2014-03-27 09:44:26.770,5.023
AS14.23,2014-03-27 15:16:55.171,178.046
AS14.23,2014-03-27 15:21:15.700,123.625
AS14.23,2014-03-27 15:31:38.990,93.791
AS14.23,2014-03-27 15:36:51.953,5.025
AS14.23,2014-03-27 15:51:36.857,27.231
AS14.23,2014-03-27 16:48:58.963,14.787
AS14.23,2014-03-27 23:49:36.957,216.44
AS14.23,2014-03-28 11:20:33.571,49.294
AS14.23,2014-03-28 17:16:00.131,48.125
AS14.23,2014-03-28 17:17:46.813,5.016
AS14.23,2014-03-28 20:35:37.506,60.4
AS14.23,2014-03-29 00:12:25.842,14.616
AS14.23,2014-03-29 00:12:41.342,31.515
AS14.23,2014-03-29 00:14:22.895,19.716
AS14.23,2014-03-29 00:14:47.904,110.754
AS14.23,2014-03-29 00:17:39.813,59.835
AS14.23,2014-03-29 00:22:11.867,19.317
AS14.23,2014-03-29 00:22:31.759,102.812
AS14.23,2014-03-29 00:24:15.273,7.043
AS14.23,2014-03-29 00:24:51.451,26.705
AS14.23,2014-03-29 00:25:32.753,5.247
AS14.23,2014-03-29 00:25:40.206,17.459
AS14.23,2014-03-29 00:25:59.243,64.159
AS14.23,2014-03-29 00:27:52.721,11.118
AS14.23,2014-03-29 00:29:21.482,146.519
AS14.23,2014-03-29 00:31:52.328,14.925
AS14.23,2014-03-29 00:32:35.766,21.758
AS14.23,2014-03-29 00:34:27.719,43.433
AS14.23,2014-03-29 00:35:11.660,26.021
AS14.23,2014-03-29 00:35:43.619,23.724
AS14.23,2014-03-29 00:36:15.747,5.267
AS14.23,2014-03-29 00:36:28.736,73.223
AS14.23,2014-03-29 00:37:42.552,26.422
AS14.23,2014-03-29 00:38:33.039,89.244
AS14.23,2014-03-29 00:40:06.003,15.023
AS14.23,2014-03-29 00:40:37.769,17.74
AS14.23,2014-03-29 00:42:04.815,60.375
AS14.23,2014-03-29 09:01:20.861,6.023
AS14.23,2014-03-29 11:34:02.621,2.465
AS14.23,2014-03-29 11:35:24.756,6.902
AS14.23,2014-03-29 11:35:46.755,193.709
AS14.23,2014-03-29 11:41:43.911,146.564
AS14.23,2014-03-29 11:44:18.795,18.062
AS14.23,2014-03-29 11:44:36.858,14.777
AS14.23,2014-03-29 11:45:45.038,21.874
AS14.23,2014-03-29 11:46:14.953,43.168
AS14.23,2014-03-29 11:47:02.207,63.996
AS14.23,2014-03-29 11:48:09.667,97.469
AS14.23,2014-03-29 11:50:21.783,6.116
AS14.23,2014-03-29 11:56:42.964,35.091
AS14.23,2014-03-29 11:57:52.645,37.411
AS14.23,2014-03-29 11:58:57.164,14.662
AS14.23,2014-03-29 11:59:39.825,130.315
AS14.23,2014-03-29 12:02:47.790,34.734
AS14.23,2014-03-29 12:05:01.795,86.663
AS14.23,2014-03-29 12:07:19.299,98.654
AS14.23,2014-03-29 12:11:24.813,5.03
AS14.23,2014-03-29 12:11:29.845,2.007
AS14.23,2014-03-29 13:12:52.898,35.479
AS14.23,2014-03-29 13:28:08.631,319.017
AS14.23,2014-03-29 13:33:53.009,86.407
AS14.23,2014-03-29 13:41:22.477,46.999
AS14.23,2014-03-29 14:25:21.769,18.702
AS14.23,2014-03-29 14:26:00.607,106.741
AS14.23,2014-03-29 14:29:53.676,27.69
AS14.23,2014-03-29 14:30:26.697,34.56
AS14.23,2014-03-29 14:32:05.766,35.602
AS14.23,2014-03-29 14:33:32.746,85.18
AS14.23,2014-03-29 14:45:32.740,54.764
AS14.23,2014-03-29 14:57:16.951,5.301
AS14.23,2014-03-29 16:40:37.520,14.559
AS14.23,2014-03-29 16:40:56.989,24.002
AS14.23,2014-03-29 16:41:27.697,29.653
AS14.23,2014-03-29 16:42:11.776,36.762
AS14.23,2014-03-29 16:44:14.773,53.402
AS14.23,2014-03-29 19:01:38.803,8.074
AS14.23,2014-03-29 19:33:07.657,128.838
AS14.23,2014-03-29 19:35:17.051,147.395
AS14.23,2014-03-29 19:39:31.117,8.032
AS14.23,2014-03-29 19:39:39.151,17.063
AS14.23,2014-03-29 20:27:04.937,8.063
AS14.23,2014-03-29 21:15:28.963,15.071
AS14.23,2014-03-30 11:20:07.808,225.174
AS14.23,2014-03-30 11:25:18.500,30.346
AS14.23,2014-03-30 11:26:57.858,24.283
AS14.23,2014-03-30 11:28:29.828,2.615
AS14.23,2014-03-30 11:29:06.803,6.029
AS14.23,2014-03-30 12:10:45.910,51.283
AS14.23,2014-03-30 12:12:26.444,14.726
AS14.23,2014-03-30 12:16:25.721,1.664
AS14.23,2014-03-30 12:27:46.713,129.482
AS14.23,2014-03-30 12:30:04.358,14.703
AS14.23,2014-03-30 12:30:39.157,35.498
AS14.23,2014-03-30 12:31:17.401,5.087
AS14.23,2014-03-30 20:23:30.542,4.017
AS14.23,2014-03-30 20:23:34.561,6.023
AS14.23,2014-03-30 22:59:09.836,109.066
AS14.23,2014-03-30 23:01:50.730,3.562
AS14.23,2014-03-31 00:03:24.661,120.759
AS14.23,2014-03-31 08:02:28.665,14.053
AS14.23,2014-03-31 08:10:39.384,28.418
AS14.23,2014-03-31 08:11:08.355,145.268
AS14.23,2014-03-31 08:13:47.755,103.985
AS14.23,2014-03-31 08:17:08.854,85.957
AS14.23,2014-03-31 19:02:30.825,56.342
AS14.23,2014-03-31 19:03:38.723,19.0
AS14.23,2014-03-31 19:16:48.842,4.526
AS14.23,2014-03-31 19:20:52.869,5.019
AS14.23,2014-03-31 22:20:43.792,88.006
AS14.23,2014-03-31 22:23:09.785,4.013
AS14.23,2014-04-01 09:18:09.923,70.959
AS14.23,2014-04-01 09:19:21.464,37.178
AS14.23,2014-04-01 19:41:43.897,12.122
AS14.23,2014-04-01 19:44:32.354,2.226
AS14.23,2014-04-01 19:48:17.359,4.012
AS14.23,2014-04-02 15:01:42.017,42.667
AS14.23,2014-04-02 23:39:18.246,34.748
AS14.23,2014-04-02 23:40:06.796,76.965
AS14.23,2014-04-02 23:41:40.766,72.727
AS14.23,2014-04-02 23:42:54.456,17.151
AS14.23,2014-04-03 17:26:02.335,106.443
AS14.23,2014-04-03 18:43:14.926,66.28
AS14.23,2014-04-03 18:44:21.979,75.35
AS14.23,2014-04-03 19:24:02.042,24.893
AS14.23,2014-04-03 19:24:41.677,101.495
AS14.23,2014-04-03 19:26:23.709,42.198
AS14.23,2014-04-03 19:27:46.802,25.741
AS14.23,2014-04-03 19:29:20.346,28.093
AS14.23,2014-04-03 21:22:13.224,45.179
AS14.23,2014-04-03 23:08:06.848,117.604
AS14.23,2014-04-04 10:14:20.029,89.693
AS14.23,2014-04-04 10:50:21.348,5.31
AS14.23,2014-04-04 10:50:27.158,6.018
AS14.23,2014-04-05 17:57:43.069,14.148
AS14.23,2014-04-05 18:00:42.312,4.028
AS14.23,2014-04-05 18:00:59.392,199.475
AS14.23,2014-04-05 18:09:28.529,5.853
AS14.23,2014-04-05 18:13:36.765,4.02
AS14.23,2014-04-05 21:27:27.773,15.481
AS14.23,2014-04-05 21:40:09.750,10.279
AS14.23,2014-04-05 21:41:38.730,131.944
AS14.23,2014-04-05 22:14:57.775,5.255
AS14.23,2014-04-05 22:22:00.723,3.753
AS14.23,2014-04-05 22:38:08.693,8.175
AS14.23,2014-04-05 22:49:43.782,10.742
AS14.23,2014-04-05 23:33:16.765,9.846
AS14.23,2014-04-06 23:11:19.171,14.344
AS14.23,2014-04-06 23:17:25.263,21.276
AS14.23,2014-04-06 23:24:06.773,2.007
AS14.23,2014-04-08 00:01:18.263,40.278
AS14.23,2014-04-08 22:51:12.357,27.308
AS14.23,2014-04-08 22:52:04.930,12.055
AS14.23,2014-04-09 18:45:48.739,115.422
AS14.23,2014-04-10 01:33:29.344,1322.513
AS14.23,2014-04-10 01:55:32.654,5491.793
AS14.23,2014-04-10 03:27:05.223,23.205
AS14.23,2014-04-10 03:27:48.668,5.288
AS14.23,2014-04-10 03:28:48.364,3157.363
AS14.23,2014-04-10 13:55:58.282,80.939
AS14.23,2014-04-10 13:57:20.051,59.439
AS14.23,2014-04-10 14:49:07.834,55.531
AS14.23,2014-04-10 14:50:13.157,445.963
AS14.23,2014-04-10 14:57:48.875,91.522
AS14.23,2014-04-10 14:59:33.785,27.159
AS14.23,2014-04-10 15:00:03.960,39.139
AS14.23,2014-04-10 15:01:18.301,1140.976
AS14.23,2014-04-10 15:20:34.328,362.734
AS14.23,2014-04-10 16:23:50.943,3.33
AS14.23,2014-04-10 16:36:44.811,4.581
AS14.23,2014-04-10 16:37:03.744,2.275
AS14.23,2014-04-10 16:39:13.176,5.431
AS14.23,2014-04-10 17:14:46.703,12.466
AS14.23,2014-04-10 20:12:27.851,4.012
AS14.23,2014-04-10 23:38:48.992,49.416
AS14.23,2014-04-10 23:39:39.111,280.139
AS14.23,2014-04-10 23:45:38.880,4.012
AS14.23,2014-04-10 23:55:00.371,245.92
AS14.23,2014-04-10 23:59:12.138,81.349
AS14.23,2014-04-11 02:36:27.230,50.242
AS14.23,2014-04-11 13:24:16.355,63.473
AS14.23,2014-04-11 19:47:28.295,560.598
AS14.23,2014-04-11 19:57:34.230,21.082
AS14.23,2014-04-11 23:14:50.002,29.201
AS14.23,2014-04-12 00:17:36.878,312.441
AS14.23,2014-04-12 10:58:33.671,69.216
AS14.23,2014-04-12 11:25:00.174,76.737
AS14.23,2014-04-12 11:27:38.795,12.042
AS14.23,2014-04-12 11:27:50.842,9.034
AS14.23,2014-04-12 13:35:01.224,24.061
AS14.23,2014-04-12 13:35:31.845,89.942
AS14.23,2014-04-12 13:38:02.033,9.037
AS14.23,2014-04-13 15:31:15.707,16.824
AS14.23,2014-04-13 23:42:23.562,2.008
AS14.23,2014-04-14 00:32:43.719,284.301
AS14.23,2014-04-14 08:58:46.930,88.896
AS14.23,2014-04-14 10:47:32.257,508.461
AS14.23,2014-04-14 11:15:53.494,95.736
AS14.23,2014-04-14 11:17:53.759,52.197
AS14.23,2014-04-14 14:08:51.891,137.469
AS14.23,2014-04-14 14:11:10.055,14.991
AS14.23,2014-04-14 14:11:40.213,94.448
AS14.23,2014-04-14 14:13:23.822,407.505
AS14.23,2014-04-14 14:20:11.855,1055.809
AS14.23,2014-04-14 14:50:41.528,3.473
AS14.23,2014-04-14 14:58:00.964,2.087
AS14.23,2014-04-14 15:05:00.802,213.042
AS14.23,2014-04-14 15:09:30.164,43.447
AS14.23,2014-04-14 15:10:30.618,160.663
AS14.23,2014-04-14 15:13:13.865,70.918
AS14.23,2014-04-14 15:14:25.457,94.866
AS14.23,2014-04-14 15:18:05.492,15.061
AS14.23,2014-04-14 15:23:58.788,526.619
AS14.23,2014-04-14 15:34:38.303,4.138
AS14.23,2014-04-14 15:39:30.849,810.135
AS14.23,2014-04-14 23:21:56.983,35.553
AS14.23,2014-04-15 00:30:57.645,287.015
AS14.23,2014-04-15 12:32:28.960,14.812
AS14.23,2014-04-15 12:32:44.569,7.932
AS14.23,2014-04-15 12:35:00.390,2.025
AS14.23,2014-04-15 12:48:40.045,499.81
AS14.23,2014-04-15 16:00:34.773,4.061
AS14.23,2014-04-15 16:01:02.510,73.503
AS14.23,2014-04-15 16:03:15.743,1.51
AS14.23,2014-04-15 16:10:17.744,11.05
AS14.23,2014-04-16 00:29:34.289,83.49
AS14.23,2014-04-16 08:57:59.990,149.564
AS14.23,2014-04-16 09:00:49.029,6.06
AS14.23,2014-04-17 10:38:54.471,15.097
AS14.23,2014-04-17 10:39:17.729,54.524
AS14.23,2014-04-17 10:40:13.039,217.907
AS14.23,2014-04-17 10:55:23.736,17.574
AS14.23,2014-04-17 11:06:03.408,47.607
AS14.23,2014-04-17 11:08:53.487,4.031
AS14.23,2014-04-19 13:21:09.808,104.382
AS14.23,2014-04-19 13:22:55.730,29.254
AS14.23,2014-04-20 12:55:30.930,14.687
AS14.23,2014-04-20 20:52:42.717,36.042
AS14.23,2014-04-23 12:03:54.690,16.089
AS14.23,2014-04-23 12:04:42.915,243.199
AS14.23,2014-04-23 12:08:49.135,28.162
AS14.23,2014-04-24 12:10:39.180,3.008
AS14.23,2014-04-26 13:28:32.832,1.01
AS14.23,2014-04-28 01:10:36.763,1362.881
AS14.23,2014-04-28 13:53:41.069,7.13
AS14.23,2014-04-28 13:54:19.436,71.32
AS14.25,2014-04-08 21:25:06.704,107.438
AS14.25,2014-04-08 23:00:01.773,35.583
AS14.25,2014-04-08 23:16:41.461,3.066
AS14.25,2014-04-08 23:18:32.841,16.464
AS14.25,2014-04-09 09:34:27.707,98.711
AS14.25,2014-04-09 09:36:19.470,133.996
AS14.25,2014-04-09 09:38:41.618,176.855
AS14.25,2014-04-09 22:30:38.078,120.452
AS14.25,2014-04-10 18:38:48.319,34.28
AS14.25,2014-04-11 00:59:40.296,40.733
AS14.25,2014-04-13 00:40:53.170,266.713
AS14.25,2014-04-13 00:46:09.994,9.045
AS14.25,2014-04-18 18:09:13.565,10.035
AS14.25,2014-04-19 00:05:20.532,38.832
AS14.25,2014-04-19 00:13:22.311,56.706
AS14.25,2014-04-19 00:14:32.861,46.836
AS14.25,2014-04-20 20:16:04.151,34.991
AS14.25,2014-04-20 20:18:20.921,27.15
AS14.25,2014-04-21 11:22:17.306,13.061
AS14.25,2014-04-21 11:22:32.380,21.094
AS14.25,2014-04-21 11:22:56.492,139.06
AS14.25,2014-04-21 16:51:54.183,153.958
AS14.25,2014-04-22 06:16:34.986,18.07
AS14.25,2014-04-24 07:55:03.904,18.084
AS14.25,2014-04-24 07:55:53.851,2.006
AS14.25,2014-04-24 08:00:08.598,90.495
AS14.25,2014-04-24 15:38:24.759,15.069
AS14.25,2014-04-25 07:45:42.434,39.272
AS14.25,2014-04-25 16:53:16.131,52.26
AS14.25,2014-04-25 16:54:14.418,138.8
AS14.25,2014-04-25 22:02:30.267,5.307
AS14.25,2014-04-25 22:05:23.845,462.792
AS14.25,2014-04-25 22:13:08.654,109.513
AS14.25,2014-04-25 22:15:12.296,154.925
AS14.25,2014-04-25 22:25:21.417,174.718
AS14.25,2014-04-27 16:50:23.108,60.088
AS14.25,2014-04-27 16:53:03.684,91.382
AS14.25,2014-04-27 17:23:06.990,80.041
AS14.25,2014-04-27 17:29:19.088,10.058
AS14.25,2014-04-27 17:50:54.141,3.04
AS14.25,2014-04-27 17:51:49.457,1.003
AS14.25,2014-04-28 08:46:21.111,174.958
AS14.25,2014-04-28 17:31:01.299,147.761
AS14.25,2014-04-28 22:31:33.362,228.26
AS14.25,2014-04-29 23:53:51.838,228.442
AS14.25,2014-04-29 23:57:50.250,207.806
AS14.25,2014-05-02 08:20:31.226,47.654
AS14.25,2014-05-02 08:21:47.270,109.426
AS14.25,2014-05-02 08:24:07.852,14.09
AS14.25,2014-05-03 12:35:46.000,9.068
AS14.25,2014-05-03 20:56:04.164,63.948
AS14.25,2014-05-03 21:17:07.694,5.071
AS14.25,2014-05-04 00:36:12.576,978.279
AS14.25,2014-05-05 06:25:33.013,197.199
AS14.25,2014-05-06 10:56:21.914,46.193
AS14.25,2014-05-06 21:57:05.142,253.841
AS14.25,2014-05-06 22:01:41.088,373.976
AS14.25,2014-05-06 22:08:05.177,155.66
AS14.25,2014-05-07 07:54:17.792,17.071
AS14.25,2014-05-07 08:11:39.171,317.287
AS14.25,2014-05-07 08:16:59.473,482.702
AS14.25,2014-05-07 11:51:21.897,9.059
AS14.25,2014-05-07 11:51:33.976,110.893
AS14.25,2014-05-07 15:19:06.380,238.162
AS14.25,2014-05-07 20:24:00.207,381.761
AS14.25,2014-05-07 20:30:24.983,365.434
AS14.25,2014-05-08 07:11:36.707,38.182
AS14.25,2014-05-08 07:16:22.881,80.762
AS14.25,2014-05-08 08:27:25.130,2.025
AS14.25,2014-05-08 08:27:31.171,29.148
AS14.25,2014-05-08 08:42:48.726,226.337
AS14.27,2014-04-03 08:56:39.380,59.736
AS14.27,2014-04-03 08:57:43.346,101.465
AS14.27,2014-04-03 10:49:01.089,80.41
AS14.27,2014-04-03 22:08:27.315,10.049
AS14.27,2014-04-03 22:08:38.378,65.301
AS14.27,2014-04-03 22:09:45.709,16.063
AS14.27,2014-04-04 08:45:12.003,77.35
AS14.27,2014-04-04 08:46:33.377,105.609
AS14.27,2014-04-04 09:40:13.953,7.157
AS14.27,2014-04-04 15:02:22.233,26.106
AS14.27,2014-04-04 15:02:53.368,80.004
AS14.27,2014-04-04 17:18:08.221,6.037
AS14.27,2014-04-04 17:18:15.266,18.955
AS14.27,2014-04-04 17:19:07.586,48.254
AS14.27,2014-04-04 17:19:56.851,52.254
AS14.27,2014-04-05 11:08:10.400,14.964
AS14.27,2014-04-05 11:08:56.378,1.887
AS14.27,2014-04-05 11:10:54.220,19.702
AS14.27,2014-04-05 11:15:01.016,30.142
AS14.27,2014-04-05 22:21:51.068,78.268
AS14.27,2014-04-05 22:23:11.355,63.288
AS14.27,2014-04-05 22:56:15.371,2.005
AS14.27,2014-04-06 19:09:25.262,14.878
AS14.27,2014-04-06 19:09:41.289,46.214
AS14.27,2014-04-06 19:10:30.519,12.037
AS14.27,2014-04-06 19:10:43.565,63.275
AS14.27,2014-04-07 18:44:08.414,66.967
AS14.27,2014-04-07 18:45:21.414,17.097
AS14.27,2014-04-07 21:35:42.619,37.166
AS14.27,2014-04-08 08:46:40.323,57.23
AS14.27,2014-04-08 08:47:41.578,13.049
AS14.27,2014-04-08 08:47:55.667,68.332
AS14.27,2014-04-08 17:14:51.257,68.063
AS14.27,2014-04-08 17:35:26.529,49.238
AS14.27,2014-04-09 17:34:03.095,25.088
AS14.27,2014-04-09 17:34:31.203,71.343
AS14.27,2014-04-10 13:18:26.957,43.052
AS14.27,2014-04-10 13:19:49.217,74.406
AS14.27,2014-04-10 17:46:14.697,32.152
AS14.27,2014-04-10 17:46:54.911,8.856
AS14.27,2014-04-10 18:18:57.687,31.444
AS14.27,2014-04-10 18:19:32.079,10.049
AS14.27,2014-04-10 18:31:38.914,15.101
AS14.27,2014-04-10 18:31:55.881,4.713
AS14.27,2014-04-11 09:07:03.319,17.097
AS14.27,2014-04-11 16:15:44.487,31.195
AS14.27,2014-04-11 16:16:20.703,10.099
AS14.27,2014-04-11 16:16:31.808,56.47
AS14.27,2014-04-12 11:11:35.309,3.015
AS14.27,2014-04-12 11:12:05.523,29.258
AS14.27,2014-04-12 11:15:40.352,15.058
AS14.27,2014-04-12 11:19:25.933,82.414
AS14.27,2014-04-12 20:42:18.875,12.078
AS14.27,2014-04-12 20:42:31.961,7.093
AS14.27,2014-04-13 12:41:51.937,22.831
AS14.27,2014-04-13 12:42:18.815,7.211
AS14.27,2014-04-14 20:20:44.668,17.736
AS14.27,2014-04-14 20:21:03.510,40.168
AS14.27,2014-04-14 20:21:47.700,12.047
AS14.27,2014-04-15 16:21:54.868,45.26
AS14.27,2014-04-15 16:22:43.144,10.056
AS14.27,2014-04-15 22:17:25.845,13.08
AS14.27,2014-04-15 22:17:39.933,73.311
AS14.27,2014-04-16 15:18:22.227,27.155
AS14.27,2014-04-16 15:18:52.395,85.921
AS14.27,2014-04-17 17:15:33.523,32.163
AS14.27,2014-04-17 17:16:08.697,8.119
AS14.27,2014-04-17 21:17:56.522,14.054
AS14.27,2014-04-17 22:20:15.302,57.91
AS14.27,2014-04-18 09:56:45.447,36.261
AS14.27,2014-04-19 11:10:35.608,15.03
AS14.27,2014-04-19 11:10:51.984,15.027
AS14.27,2014-04-19 11:11:08.269,9.076
AS14.27,2014-04-19 11:11:20.372,53.265
AS14.27,2014-04-19 11:12:23.904,55.85
AS14.27,2014-04-19 11:14:45.599,49.983
AS14.27,2014-04-19 11:15:37.539,36.149
AS14.27,2014-04-19 17:33:15.188,33.144
AS14.27,2014-04-19 17:33:52.355,8.151
AS14.27,2014-04-20 10:49:37.223,90.185
AS14.27,2014-04-20 10:51:08.852,15.146
AS14.27,2014-04-20 12:16:04.145,77.313
AS14.27,2014-04-20 12:17:23.470,27.106
AS14.27,2014-04-21 14:49:54.237,12.113
AS14.27,2014-04-21 14:50:07.384,18.072
AS14.27,2014-04-21 19:00:46.002,9.057
AS14.27,2014-04-21 19:00:59.150,53.267
AS14.27,2014-04-21 19:01:54.940,12.084
AS14.27,2014-04-22 08:51:24.592,9.114
AS14.27,2014-04-22 08:51:35.714,74.549
AS14.27,2014-04-22 17:22:42.858,64.402
AS14.27,2014-04-22 17:23:51.305,73.756
AS14.27,2014-04-22 17:25:05.842,6.028
AS14.27,2014-04-22 17:28:03.335,10.039
AS14.27,2014-04-22 17:28:14.384,63.275
AS14.27,2014-04-22 17:47:05.615,72.063
AS14.27,2014-04-22 17:48:20.565,5.015
AS14.27,2014-04-22 22:04:24.124,46.864
AS14.27,2014-04-23 08:54:06.961,13.068
AS14.27,2014-04-23 14:34:35.641,78.4
AS14.27,2014-04-23 20:03:54.917,47.208
AS14.27,2014-04-23 20:04:47.157,14.949
AS14.27,2014-04-23 20:05:04.176,76.353
AS14.27,2014-04-23 20:48:49.444,10.032
AS14.27,2014-04-23 20:49:00.483,29.126
AS14.27,2014-04-24 17:16:53.209,13.921
AS14.27,2014-04-24 17:17:12.311,19.081
AS14.27,2014-04-24 17:17:34.404,26.786
AS14.27,2014-04-24 22:00:04.759,12.103
AS14.27,2014-04-24 22:00:21.891,48.205
AS14.27,2014-04-25 14:39:43.039,80.42
AS14.27,2014-04-25 14:41:07.483,14.353
AS14.27,2014-04-25 14:41:32.487,70.298
AS14.27,2014-04-27 18:30:45.815,32.152
AS14.27,2014-04-27 18:31:20.993,10.227
AS14.27,2014-04-28 08:02:54.319,47.163
AS14.27,2014-04-28 08:03:44.500,70.341
AS14.27,2014-04-29 10:02:52.384,53.893
AS14.27,2014-04-29 17:33:33.365,87.457
AS14.27,2014-04-29 17:35:03.838,35.697
AS14.27,2014-04-30 08:57:38.283,35.359
AS14.27,2014-04-30 08:58:17.660,79.759
AS14.27,2014-04-30 16:26:35.298,13.073
AS14.27,2014-04-30 16:26:49.378,7.022
AS14.27,2014-04-30 22:34:09.519,14.055
AS14.27,2014-04-30 22:34:29.605,8.051
AS14.27,2014-05-01 08:44:28.049,16.12
AS14.27,2014-05-01 08:44:45.180,11.138
AS14.27,2014-05-01 16:31:00.549,26.207
AS14.27,2014-05-01 19:32:05.825,20.626
AS14.27,2014-05-01 19:32:35.286,33.136
AS14.27,2014-05-01 19:33:08.900,90.391
AS14.27,2014-05-01 19:35:13.522,14.324
AS14.27,2014-05-01 19:35:29.177,83.323
AS14.27,2014-05-01 19:42:32.890,90.372
AS14.27,2014-05-02 08:52:26.549,14.056
AS14.27,2014-05-02 08:52:45.628,44.444
AS14.27,2014-05-02 08:53:31.453,78.351
AS14.27,2014-05-02 16:49:19.578,40.234
AS14.27,2014-05-02 16:50:04.503,79.368
AS14.27,2014-05-04 13:08:16.378,29.108
AS14.27,2014-05-04 13:08:48.503,10.107
AS14.27,2014-05-04 20:13:36.141,13.051
AS14.27,2014-05-05 11:09:26.036,64.013
AS14.27,2014-05-05 11:10:33.059,70.502
AS14.27,2014-05-06 15:06:47.342,39.831
AS14.27,2014-05-06 15:07:30.188,9.048
AS14.27,2014-05-07 08:48:16.415,14.059
AS14.27,2014-05-07 08:48:32.496,8.033
AS14.27,2014-05-08 17:44:52.223,14.868
AS14.27,2014-05-08 17:45:08.576,43.996
AS14.27,2014-05-08 17:45:54.588,28.124
AS14.27,2014-05-08 21:54:30.766,46.315
AS14.27,2014-05-08 21:55:29.141,14.056
AS14.27,2014-05-09 08:52:50.194,14.131
AS14.27,2014-05-09 08:53:05.865,21.894
AS14.27,2014-05-09 08:53:28.253,2.029
AS14.27,2014-05-09 13:15:17.729,11.071
AS14.27,2014-05-09 20:41:39.582,4.045
AS14.27,2014-05-09 20:42:52.180,23.352
AS14.27,2014-05-09 20:43:41.661,7.023
AS14.27,2014-05-10 12:28:43.391,12.076
AS14.27,2014-05-10 12:28:58.484,9.954
AS14.27,2014-05-10 20:56:45.477,12.094
AS14.27,2014-05-10 20:57:00.321,44.277
AS14.27,2014-05-12 12:24:49.779,45.848
AS14.27,2014-05-12 21:26:15.947,24.824
AS14.27,2014-05-12 21:26:41.838,23.09
AS14.27,2014-05-13 09:00:44.119,5.018
AS14.27,2014-05-13 09:01:51.286,2.008
AS14.27,2014-05-13 09:01:56.319,7.053
AS14.28,2014-04-01 10:05:02.359,259.906
AS14.28,2014-04-01 10:09:23.286,15.062
AS14.28,2014-04-01 10:09:40.359,112.797
AS14.28,2014-04-01 10:11:34.782,40.818
AS14.28,2014-04-01 10:12:17.769,28.146
AS14.28,2014-04-02 21:17:02.661,63.557
AS14.28,2014-04-04 13:05:36.351,56.843
AS14.28,2014-04-04 13:07:04.302,137.341
AS14.28,2014-04-05 16:56:59.164,45.369
AS14.28,2014-04-05 17:20:24.697,77.004
AS14.28,2014-04-05 17:21:58.821,10.316
AS14.28,2014-04-05 21:06:49.405,172.141
AS14.28,2014-04-07 20:35:11.480,15.053
AS14.28,2014-04-07 20:35:27.407,14.897
AS14.28,2014-04-07 20:35:43.779,29.384
AS14.28,2014-04-07 20:36:18.266,14.462
AS14.28,2014-04-07 20:36:34.624,24.432
AS14.28,2014-04-07 20:37:00.078,4.031
AS14.28,2014-04-07 22:21:19.904,32.292
AS14.28,2014-04-07 22:31:15.302,18.914
AS14.28,2014-04-07 22:31:35.556,17.136
AS14.28,2014-04-08 08:18:04.052,74.429
AS14.28,2014-04-09 06:26:20.615,4.021
AS14.28,2014-04-10 21:47:16.710,11.133
AS14.28,2014-04-10 22:30:43.775,41.013
AS14.28,2014-04-10 22:31:28.765,16.123
AS14.28,2014-04-10 22:31:44.890,25.747
AS14.28,2014-04-10 22:32:18.257,14.06
AS14.28,2014-04-12 10:58:51.065,50.26
AS14.28,2014-04-12 10:59:44.775,176.202
AS14.28,2014-04-12 11:02:48.427,50.779
AS14.28,2014-04-12 11:03:54.217,19.117
AS14.28,2014-04-12 11:04:17.809,28.095
AS14.28,2014-04-12 11:04:51.121,14.766
AS14.28,2014-04-12 11:05:18.516,11.219
AS14.28,2014-04-12 11:05:54.286,24.813
AS14.28,2014-04-12 11:06:24.354,12.477
AS14.28,2014-04-12 11:06:57.512,30.02
AS14.28,2014-04-12 11:07:31.628,258.878
AS14.28,2014-04-12 11:12:09.206,16.818
AS14.28,2014-04-12 11:12:34.523,31.292
AS14.28,2014-04-12 11:13:06.831,163.588
AS14.28,2014-04-12 11:15:56.042,93.789
AS14.28,2014-04-12 16:41:44.051,4.033
AS14.28,2014-04-13 12:54:30.624,373.532
AS14.28,2014-04-13 14:50:25.051,5.018
AS14.28,2014-04-14 16:25:09.947,89.94
AS14.28,2014-04-14 20:18:33.272,4.17
AS14.28,2014-04-15 13:14:13.598,12.077
AS14.28,2014-04-15 13:15:01.329,13.664
AS14.28,2014-04-15 16:55:04.816,84.819
AS14.28,2014-04-15 16:57:39.921,29.172
AS14.28,2014-04-15 17:05:56.779,73.522
AS14.28,2014-04-15 17:07:11.750,21.148
AS14.28,2014-04-15 17:09:23.719,8.832
AS14.28,2014-04-15 17:09:39.003,325.93
AS14.28,2014-04-15 17:17:58.016,95.741
AS14.28,2014-04-15 17:19:39.732,105.905
AS14.28,2014-04-15 17:21:27.670,2.138
AS14.28,2014-04-15 19:26:41.663,65.054
AS14.28,2014-04-15 22:01:46.630,58.692
AS14.28,2014-04-15 22:02:46.339,46.69
AS14.28,2014-04-16 07:50:22.400,4.053
AS14.28,2014-04-17 21:30:51.013,158.831
AS14.28,2014-04-18 10:21:04.601,443.659
AS14.28,2014-04-18 11:40:20.591,155.745
AS14.28,2014-04-18 11:52:16.269,164.773
AS14.28,2014-04-18 12:29:30.525,13.957
AS14.28,2014-04-18 12:35:25.677,9.502
AS14.28,2014-04-18 12:35:47.693,71.565
AS14.28,2014-04-18 15:53:06.697,109.48
AS14.28,2014-04-18 15:55:03.221,6.03
AS14.28,2014-04-20 08:27:18.342,211.4
AS14.28,2014-04-21 07:16:30.232,4.379
AS14.28,2014-04-21 08:59:55.219,36.263
AS14.28,2014-04-21 09:15:29.799,20.444
AS14.28,2014-04-21 09:20:24.760,1.006
AS14.28,2014-04-21 09:40:26.569,5.347
AS14.28,2014-04-22 11:21:51.594,47.307
AS14.28,2014-04-23 07:59:43.551,89.514
AS14.28,2014-04-23 20:30:48.530,4.021
AS14.28,2014-04-24 14:26:49.750,41.386
AS14.28,2014-04-24 15:04:04.961,41.278
AS14.28,2014-04-25 07:57:38.487,32.135
AS14.28,2014-04-25 09:17:00.461,5.108
AS14.28,2014-04-26 08:12:50.704,51.239
AS14.28,2014-04-26 15:50:23.154,8.194
AS14.28,2014-04-27 10:59:53.019,5.02
AS14.28,2014-04-27 11:06:45.213,46.312
AS14.28,2014-05-01 09:16:29.799,26.684
AS14.28,2014-05-01 13:56:12.154,4.049
AS14.28,2014-05-01 17:12:56.697,11.05
AS14.28,2014-05-01 17:22:06.303,102.246
AS14.28,2014-05-01 20:19:06.632,53.578
AS14.28,2014-05-01 20:34:27.990,68.864
AS14.28,2014-05-01 20:53:01.355,5.015
AS14.28,2014-05-01 20:56:47.049,53.194
AS14.28,2014-05-01 20:58:38.661,34.494
AS14.28,2014-05-01 20:59:30.391,1.008
AS14.28,2014-05-01 21:12:05.594,20.315
AS14.28,2014-05-01 21:12:25.911,58.174
AS14.28,2014-05-01 21:13:24.101,17.564
AS14.28,2014-05-01 21:13:44.076,19.702
AS14.28,2014-05-01 21:14:09.888,26.588
AS14.28,2014-05-01 21:14:39.494,14.453
AS14.28,2014-05-01 21:14:55.210,42.748
AS14.28,2014-05-01 21:15:38.563,14.945
AS14.28,2014-05-01 21:15:55.088,11.182
AS14.28,2014-05-01 21:41:29.551,36.138
AS14.28,2014-05-02 22:10:31.082,158.716
AS14.28,2014-05-02 22:15:26.197,44.233
AS14.28,2014-05-03 17:18:34.563,128.665
AS14.28,2014-05-03 20:58:18.655,23.617
AS14.28,2014-05-03 20:58:45.608,13.851
AS14.28,2014-05-03 20:59:01.400,252.457
AS14.28,2014-05-03 21:15:29.559,8.102
AS14.28,2014-05-03 21:15:45.934,2.024
AS14.28,2014-05-03 21:16:44.266,4.275
AS14.28,2014-05-03 21:16:52.091,26.16
AS14.28,2014-05-03 23:18:24.834,7.21
AS14.28,2014-05-04 09:41:11.415,159.029
AS14.28,2014-05-04 14:34:51.566,74.253
AS14.28,2014-05-04 20:47:56.499,138.059
AS14.28,2014-05-05 21:23:49.982,272.291
AS14.28,2014-05-05 21:56:51.119,34.405
AS14.28,2014-05-06 20:41:25.765,21.003
AS14.28,2014-05-07 13:43:05.319,131.807
AS14.28,2014-05-07 15:00:44.917,5.252
AS14.28,2014-05-07 15:22:11.273,38.457
AS14.28,2014-05-07 15:28:18.345,56.505
AS14.28,2014-05-07 15:39:29.539,28.57
AS14.28,2014-05-07 16:46:45.049,4.089
AS14.28,2014-05-07 17:31:16.778,42.182
AS14.28,2014-05-07 17:43:19.729,79.733
AS14.28,2014-05-07 17:56:56.071,23.385
AS14.28,2014-05-08 08:22:11.295,148.867
AS14.30,2014-04-05 23:43:16.289,478.826
AS14.30,2014-04-06 10:51:33.361,350.907
AS14.30,2014-04-06 15:51:59.555,176.646
AS14.30,2014-04-06 21:51:21.164,662.379
AS14.30,2014-04-06 23:51:09.816,35.068
AS14.30,2014-04-06 23:51:45.732,708.979
AS14.30,2014-04-07 10:29:53.730,131.495
AS14.30,2014-04-07 16:25:50.821,146.736
AS14.30,2014-04-07 22:44:11.990,505.425
AS14.30,2014-04-08 19:11:17.773,824.282
AS14.30,2014-04-08 19:25:02.308,192.899
AS14.30,2014-04-08 20:32:38.986,191.537
AS14.30,2014-04-08 20:44:05.585,263.448
AS14.30,2014-04-09 09:21:41.845,972.166
AS14.30,2014-04-09 10:38:57.852,12.206
AS14.30,2014-04-09 10:39:10.223,229.073
AS14.30,2014-04-09 14:50:24.507,755.05
AS14.30,2014-04-09 19:49:29.062,269.293
AS14.30,2014-04-09 22:07:25.867,307.427
AS14.30,2014-04-10 10:45:56.898,78.852
AS14.30,2014-04-10 14:39:56.907,487.704
AS14.30,2014-04-10 18:58:16.380,134.653
AS14.30,2014-04-10 22:55:10.483,351.726
AS14.30,2014-04-11 07:18:45.700,308.644
AS14.30,2014-04-11 16:30:55.065,29.602
AS14.30,2014-04-11 16:31:28.572,251.445
AS14.30,2014-04-11 17:30:25.884,127.772
AS14.30,2014-04-11 18:24:52.842,407.879
AS14.30,2014-04-11 18:32:59.480,7.073
AS14.30,2014-04-11 20:43:45.969,303.589
AS14.30,2014-04-11 21:10:48.688,543.835
AS14.30,2014-04-11 23:32:42.444,131.179
AS14.30,2014-04-11 23:36:31.568,458.311
AS14.30,2014-04-12 10:10:22.529,910.839
AS14.30,2014-04-12 10:42:44.022,701.837
AS14.30,2014-04-12 16:22:07.207,319.611
AS14.30,2014-04-12 17:14:38.525,800.122
AS14.30,2014-04-13 00:05:40.128,265.411
AS14.30,2014-04-13 09:45:59.605,482.686
AS14.30,2014-04-13 11:57:21.631,142.552
AS14.30,2014-04-13 13:02:45.161,137.636
AS14.30,2014-04-13 18:39:40.029,463.418
AS14.30,2014-04-13 21:10:56.726,441.87
AS14.30,2014-04-14 18:26:27.793,264.765
AS14.30,2014-04-14 19:10:07.019,21.252
AS14.30,2014-04-14 20:07:48.822,5.209
AS14.30,2014-04-14 22:17:12.790,384.919
AS14.30,2014-04-15 14:56:55.539,69.302
AS14.30,2014-04-15 15:11:05.644,143.679
AS14.30,2014-04-16 15:37:13.513,54.051
AS14.30,2014-04-16 15:39:12.664,3.121
AS14.30,2014-04-16 15:43:25.078,707.284
AS14.30,2014-04-16 15:55:42.417,159.714
AS14.30,2014-04-16 16:02:32.575,3.011
AS14.30,2014-04-16 16:02:55.611,51.119
AS14.30,2014-04-16 16:03:55.473,51.925
AS14.30,2014-04-16 16:04:47.723,65.528
AS14.30,2014-04-16 17:10:52.681,164.123
AS14.30,2014-04-17 15:45:44.720,137.819
AS14.30,2014-04-17 17:36:43.111,189.871
AS14.30,2014-04-17 18:32:47.460,873.196
AS14.30,2014-04-17 21:06:24.480,427.459
AS14.30,2014-04-18 11:54:37.747,540.616
AS14.30,2014-04-19 15:12:15.673,223.5
AS14.30,2014-04-19 15:22:06.137,950.579
AS14.30,2014-04-19 20:03:10.436,115.584
AS14.30,2014-04-20 00:47:05.431,175.789
AS14.30,2014-04-20 09:39:23.437,228.043
AS14.30,2014-04-20 20:32:36.075,255.155
AS14.30,2014-04-20 22:04:36.278,178.212
AS14.30,2014-04-20 22:16:55.503,60.279
AS14.30,2014-04-20 22:20:01.618,920.724
AS14.30,2014-04-21 14:46:16.111,4.021
AS14.30,2014-04-23 17:29:01.292,94.599
AS14.30,2014-04-24 09:51:31.966,9.124
AS14.30,2014-04-25 13:02:10.197,226.119
AS14.30,2014-04-28 00:44:46.729,328.626
AS14.30,2014-04-28 16:02:43.332,237.21
AS14.30,2014-04-28 17:40:32.174,503.355
AS14.30,2014-04-29 23:18:35.335,644.11
AS14.30,2014-05-01 19:02:45.040,469.749
AS14.30,2014-05-01 19:20:08.825,127.688
AS14.30,2014-05-02 16:59:23.513,178.118
AS14.30,2014-05-03 18:38:57.259,26.189
