id,time,appCat.utilities
AS14.01,2014-03-20 23:22:49.928,1.002
AS14.01,2014-03-20 23:22:50.934,20.072
AS14.01,2014-03-21 03:13:49.783,3.011
AS14.01,2014-03-21 03:14:03.841,271.173
AS14.01,2014-03-21 03:24:53.671,3.017
AS14.01,2014-03-21 03:25:01.790,1.073
AS14.01,2014-03-21 03:25:02.868,3.341
AS14.01,2014-03-21 10:39:24.599,18.061
AS14.01,2014-03-21 11:12:26.546,52.156
AS14.01,2014-03-21 13:55:32.836,12.063
AS14.01,2014-03-21 14:09:09.901,12.076
AS14.01,2014-03-21 14:21:43.141,15.058
AS14.01,2014-03-21 14:25:15.058,1.002
AS14.01,2014-03-21 14:25:16.061,46.287
AS14.01,2014-03-21 14:37:12.124,1.008
AS14.01,2014-03-21 14:37:13.134,13.041
AS14.01,2014-03-21 14:40:30.075,2.033
AS14.01,2014-03-21 16:24:32.915,1.005
AS14.01,2014-03-21 16:24:33.927,17.251
AS14.01,2014-03-21 16:25:02.032,25.07
AS14.01,2014-03-21 17:58:06.976,1.003
AS14.01,2014-03-21 17:58:07.980,21.102
AS14.01,2014-03-21 18:01:22.599,12.239
AS14.01,2014-03-21 18:04:07.078,30.424
AS14.01,2014-03-21 18:05:19.086,17.706
AS14.01,2014-03-21 18:07:18.923,2.327
AS14.01,2014-03-21 18:26:53.114,10.209
AS14.01,2014-03-21 19:03:25.191,6.018
AS14.01,2014-03-22 09:52:50.654,23.092
AS14.01,2014-03-22 13:55:29.891,30.096
AS14.01,2014-03-22 18:52:09.299,64.433
AS14.01,2014-03-23 23:54:58.793,30.086
AS14.01,2014-03-24 11:35:50.335,168.668
AS14.01,2014-03-24 13:32:22.309,10.064
AS14.01,2014-03-25 15:03:54.611,1.031
AS14.01,2014-03-25 15:03:55.648,14.061
AS14.01,2014-03-25 15:05:28.256,21.086
AS14.01,2014-03-25 15:54:41.447,28.137
AS14.01,2014-03-25 15:55:27.664,10.116
AS14.01,2014-03-25 21:04:42.085,26.305
AS14.01,2014-03-25 21:05:51.299,38.193
AS14.01,2014-03-25 21:08:14.486,24.197
AS14.01,2014-03-25 21:10:00.655,43.168
AS14.01,2014-03-25 21:13:38.628,16.599
AS14.01,2014-03-26 23:41:28.944,33.365
AS14.01,2014-03-27 14:04:32.270,10.957
AS14.01,2014-03-27 14:07:46.280,28.144
AS14.01,2014-03-27 20:29:11.990,2.038
AS14.01,2014-03-27 20:29:14.029,51.227
AS14.01,2014-03-27 20:32:03.871,21.103
AS14.01,2014-03-27 20:35:31.931,17.086
AS14.01,2014-03-27 20:37:16.733,10.036
AS14.01,2014-03-27 20:45:58.167,1.003
AS14.01,2014-03-27 20:45:59.173,18.111
AS14.01,2014-03-27 20:46:43.440,4.236
AS14.01,2014-03-27 23:52:18.476,15.088
AS14.01,2014-03-28 10:46:01.256,67.233
AS14.01,2014-03-28 10:49:07.007,4.019
AS14.01,2014-03-28 10:49:47.239,13.239
AS14.01,2014-03-28 10:50:15.551,103.662
AS14.01,2014-03-28 14:11:30.551,19.088
AS14.01,2014-03-28 14:12:08.937,15.061
AS14.01,2014-03-28 14:13:14.290,24.103
AS14.01,2014-03-28 20:51:36.598,1.065
AS14.01,2014-03-28 20:51:37.668,37.174
AS14.01,2014-03-28 20:52:41.171,17.073
AS14.01,2014-03-29 08:46:41.655,1.055
AS14.01,2014-03-29 08:46:42.719,36.244
AS14.01,2014-03-29 13:52:27.016,55.443
AS14.01,2014-03-29 13:53:25.479,151.745
AS14.01,2014-03-29 13:56:49.517,4.024
AS14.01,2014-03-29 16:27:24.792,56.22
AS14.01,2014-03-29 17:53:51.388,1.013
AS14.01,2014-03-29 17:53:52.403,11.22
AS14.01,2014-03-29 17:55:21.061,22.096
AS14.01,2014-03-29 17:55:54.286,5.054
AS14.01,2014-03-29 17:57:53.799,1.631
AS14.01,2014-03-29 18:23:20.625,18.841
AS14.01,2014-03-29 18:30:30.417,21.098
AS14.01,2014-03-29 18:31:03.983,10.04
AS14.01,2014-03-29 19:25:24.513,1.007
AS14.01,2014-03-29 19:25:25.523,12.033
AS14.01,2014-03-29 19:27:13.076,12.036
AS14.01,2014-03-29 19:27:55.342,49.217
AS14.01,2014-03-29 21:42:36.084,29.113
AS14.01,2014-03-29 21:44:12.500,40.262
AS14.01,2014-03-29 21:45:13.982,4.061
AS14.01,2014-03-29 21:45:46.151,51.155
AS14.01,2014-03-29 21:46:45.355,2.01
AS14.01,2014-03-29 21:46:56.438,4.019
AS14.01,2014-03-30 16:57:02.257,38.296
AS14.01,2014-03-31 19:41:33.341,1.023
AS14.01,2014-03-31 19:41:34.365,24.258
AS14.01,2014-03-31 21:09:58.921,1.002
AS14.01,2014-03-31 21:09:59.924,24.236
AS14.01,2014-03-31 22:07:00.114,52.223
AS14.01,2014-03-31 22:10:46.483,19.069
AS14.01,2014-03-31 22:11:21.706,12.084
AS14.01,2014-03-31 22:11:41.921,6.015
AS14.01,2014-03-31 22:59:15.078,1.007
AS14.01,2014-03-31 22:59:16.096,23.085
AS14.01,2014-03-31 23:00:56.540,4.02
AS14.01,2014-03-31 23:01:06.625,5.127
AS14.01,2014-03-31 23:01:40.984,7.026
AS14.01,2014-03-31 23:01:56.101,19.072
AS14.01,2014-03-31 23:02:48.523,5.027
AS14.01,2014-03-31 23:02:55.578,2.019
AS14.01,2014-03-31 23:03:04.687,4.012
AS14.01,2014-04-01 00:09:05.227,1.004
AS14.01,2014-04-01 00:09:06.255,21.071
AS14.01,2014-04-01 00:10:08.549,2.062
AS14.01,2014-04-01 08:17:53.757,1.019
AS14.01,2014-04-01 08:17:54.780,13.569
AS14.01,2014-04-01 08:21:58.892,97.067
AS14.01,2014-04-01 08:27:29.137,16.064
AS14.01,2014-04-01 08:46:40.209,14.126
AS14.01,2014-04-01 08:50:02.446,10.046
AS14.01,2014-04-01 11:02:51.134,12.062
AS14.01,2014-04-01 11:03:44.586,11.033
AS14.01,2014-04-01 11:24:14.483,12.032
AS14.01,2014-04-01 11:41:07.109,17.057
AS14.01,2014-04-01 11:48:58.799,15.162
AS14.01,2014-04-01 11:52:22.176,1.015
AS14.01,2014-04-01 11:52:23.191,15.066
AS14.01,2014-04-01 11:53:01.512,15.068
AS14.01,2014-04-01 12:08:49.793,15.06
AS14.01,2014-04-01 13:06:11.563,2.009
AS14.01,2014-04-01 13:06:13.575,20.173
AS14.01,2014-04-01 13:07:00.914,9.035
AS14.01,2014-04-01 13:07:36.075,2.012
AS14.01,2014-04-01 13:09:51.305,57.206
AS14.01,2014-04-01 13:11:09.592,16.042
AS14.01,2014-04-01 13:15:19.556,27.241
AS14.01,2014-04-01 13:16:02.884,40.121
AS14.01,2014-04-01 13:17:01.311,54.214
AS14.01,2014-04-02 07:31:24.482,28.396
AS14.01,2014-04-02 12:12:39.756,115.338
AS14.01,2014-04-02 12:16:11.596,4.069
AS14.01,2014-04-02 12:17:12.049,10.318
AS14.01,2014-04-02 12:17:44.634,10.046
AS14.01,2014-04-02 12:26:14.463,64.179
AS14.01,2014-04-02 12:27:25.865,25.146
AS14.01,2014-04-02 12:29:18.414,4.145
AS14.01,2014-04-02 13:50:47.022,7.063
AS14.01,2014-04-02 13:53:27.979,3.229
AS14.01,2014-04-02 21:14:48.977,11.052
AS14.01,2014-04-02 21:15:25.487,4.014
AS14.01,2014-04-02 21:24:12.960,27.132
AS14.01,2014-04-02 21:25:08.368,2.023
AS14.01,2014-04-02 22:13:08.542,1.005
AS14.01,2014-04-02 22:13:09.552,24.216
AS14.01,2014-04-03 00:36:54.079,46.444
AS14.01,2014-04-03 09:41:17.338,24.084
AS14.01,2014-04-03 09:42:18.921,1.007
AS14.01,2014-04-03 09:54:35.855,3.009
AS14.01,2014-04-03 21:44:35.520,17.079
AS14.01,2014-04-03 21:46:33.051,23.283
AS14.01,2014-04-03 21:49:27.063,21.288
AS14.01,2014-04-03 22:08:20.982,1.005
AS14.01,2014-04-03 22:08:22.006,9.083
AS14.01,2014-04-03 22:51:35.338,16.243
AS14.01,2014-04-03 23:20:18.127,3.026
AS14.01,2014-04-03 23:39:35.704,15.066
AS14.01,2014-04-03 23:41:14.076,2.155
AS14.01,2014-04-04 11:55:03.812,1.019
AS14.01,2014-04-04 11:55:04.838,20.093
AS14.01,2014-04-04 13:41:50.742,1.027
AS14.01,2014-04-04 13:41:51.772,34.123
AS14.01,2014-04-04 14:33:20.894,15.082
AS14.01,2014-04-04 16:19:14.101,1.003
AS14.01,2014-04-04 16:19:15.108,10.104
AS14.01,2014-04-04 16:22:06.065,6.096
AS14.01,2014-04-04 16:28:06.125,3.021
AS14.01,2014-04-04 19:48:40.601,1.002
AS14.01,2014-04-04 19:48:41.605,15.057
AS14.01,2014-04-04 21:12:43.996,1.003
AS14.01,2014-04-04 21:12:45.006,20.062
AS14.01,2014-04-05 06:19:22.631,17.05
AS14.01,2014-04-05 12:25:49.440,27.306
AS14.01,2014-04-05 12:26:46.095,11.031
AS14.01,2014-04-05 12:27:13.411,7.12
AS14.01,2014-04-05 12:28:25.887,4.105
AS14.01,2014-04-05 12:28:50.035,18.057
AS14.01,2014-04-05 12:29:12.118,2.176
AS14.01,2014-04-05 16:58:13.477,27.081
AS14.01,2014-04-05 18:14:46.426,5.03
AS14.01,2014-04-06 14:28:42.566,4.033
AS14.01,2014-04-06 14:32:01.262,15.049
AS14.01,2014-04-06 16:30:18.278,4.094
AS14.01,2014-04-06 18:04:22.025,19.06
AS14.01,2014-04-06 18:06:47.779,4.013
AS14.01,2014-04-07 12:39:50.546,1.002
AS14.01,2014-04-07 12:39:51.558,130.442
AS14.01,2014-04-07 22:43:48.154,70.305
AS14.01,2014-04-07 22:46:24.032,4.062
AS14.01,2014-04-08 11:03:33.496,14.071
AS14.01,2014-04-08 19:11:10.641,22.072
AS14.01,2014-04-09 12:37:31.329,19.348
AS14.01,2014-04-09 21:36:53.377,76.443
AS14.01,2014-04-09 21:38:12.861,358.104
AS14.01,2014-04-09 21:44:37.897,12.047
AS14.01,2014-04-09 23:54:30.096,111.417
AS14.01,2014-04-10 01:00:40.052,1.002
AS14.01,2014-04-10 01:00:41.055,12.055
AS14.01,2014-04-10 01:02:37.392,13.962
AS14.01,2014-04-10 01:05:56.345,81.652
AS14.01,2014-04-10 01:12:00.549,18.551
AS14.01,2014-04-10 01:13:05.479,20.268
AS14.01,2014-04-10 12:47:41.884,22.291
AS14.01,2014-04-10 12:49:38.562,17.059
AS14.01,2014-04-10 16:52:06.746,11.034
AS14.01,2014-04-10 19:25:54.954,1.015
AS14.01,2014-04-10 19:25:55.976,6.183
AS14.01,2014-04-10 19:39:28.440,19.065
AS14.01,2014-04-10 19:40:54.815,5.017
AS14.01,2014-04-10 19:41:37.224,36.895
AS14.01,2014-04-10 19:42:22.773,111.638
AS14.01,2014-04-11 11:57:19.585,2.006
AS14.01,2014-04-11 11:57:52.980,4.011
AS14.01,2014-04-11 13:05:33.726,19.077
AS14.01,2014-04-11 13:07:51.318,27.204
AS14.01,2014-04-11 17:21:48.684,1.005
AS14.01,2014-04-11 17:21:49.696,82.381
AS14.01,2014-04-11 17:47:06.381,31.578
AS14.01,2014-04-11 19:48:02.700,43.167
AS14.01,2014-04-11 19:59:40.368,4.219
AS14.01,2014-04-12 10:17:28.736,19.081
AS14.01,2014-04-12 10:18:03.872,4.027
AS14.01,2014-04-12 10:22:55.430,8.04
AS14.01,2014-04-12 10:23:05.542,4.015
AS14.01,2014-04-12 10:23:11.568,8.163
AS14.01,2014-04-12 10:23:25.757,17.055
AS14.01,2014-04-12 10:23:44.829,2.012
AS14.01,2014-04-12 10:23:53.887,2.013
AS14.01,2014-04-12 10:53:34.575,7.018
AS14.01,2014-04-12 13:41:17.892,17.337
AS14.01,2014-04-12 16:45:25.690,54.415
AS14.01,2014-04-12 19:50:33.789,6.149
AS14.01,2014-04-12 19:55:06.707,5.022
AS14.01,2014-04-12 20:44:03.562,24.083
AS14.01,2014-04-12 20:45:40.959,2.217
AS14.01,2014-04-12 21:47:27.479,3.022
AS14.01,2014-04-12 21:47:37.520,2.009
AS14.01,2014-04-12 22:42:51.746,1.004
AS14.01,2014-04-12 22:42:52.752,44.157
AS14.01,2014-04-12 22:43:41.950,13.045
AS14.01,2014-04-12 22:44:50.266,2.046
AS14.01,2014-04-12 22:49:35.552,87.389
AS14.01,2014-04-12 22:51:39.105,6.033
AS14.01,2014-04-12 22:52:50.901,4.012
AS14.01,2014-04-12 22:56:06.713,9.028
AS14.01,2014-04-14 07:50:38.467,14.113
AS14.01,2014-04-14 08:51:23.371,12.042
AS14.01,2014-04-14 08:56:50.858,2.012
AS14.01,2014-04-14 09:17:22.653,6.025
AS14.01,2014-04-14 09:20:20.493,9.388
AS14.01,2014-04-14 09:20:39.555,15.347
AS14.01,2014-04-14 09:23:26.608,6.018
AS14.01,2014-04-14 09:31:29.684,51.168
AS14.01,2014-04-14 09:33:08.078,133.417
AS14.01,2014-04-14 10:10:28.426,3.1
AS14.01,2014-04-14 14:10:45.563,1.001
AS14.01,2014-04-14 14:10:46.566,1.614
AS14.01,2014-04-14 14:10:53.529,25.102
AS14.01,2014-04-14 14:47:25.865,20.19
AS14.01,2014-04-14 14:50:03.434,5.165
AS14.01,2014-04-14 14:51:57.134,4.022
AS14.01,2014-04-14 19:34:48.112,58.216
AS14.01,2014-04-14 19:36:49.545,111.41
AS14.01,2014-04-14 21:55:41.198,20.424
AS14.01,2014-04-14 22:28:08.174,21.087
AS14.01,2014-04-14 22:35:28.812,164.738
AS14.01,2014-04-14 22:39:16.358,16.135
AS14.01,2014-04-14 22:41:29.641,34.102
AS14.01,2014-04-14 22:56:30.009,66.214
AS14.01,2014-04-14 22:58:33.660,1.003
AS14.01,2014-04-14 23:00:30.858,63.347
AS14.01,2014-04-14 23:39:05.394,18.07
AS14.01,2014-04-14 23:43:31.767,80.284
AS14.01,2014-04-14 23:59:19.747,21.26
AS14.01,2014-04-15 08:59:42.928,1.005
AS14.01,2014-04-15 08:59:46.005,2.014
AS14.01,2014-04-15 09:15:16.773,53.18
AS14.01,2014-04-15 09:16:17.108,48.147
AS14.01,2014-04-15 09:20:22.022,27.181
AS14.01,2014-04-15 09:53:34.681,3.07
AS14.01,2014-04-15 15:25:55.240,50.492
AS14.01,2014-04-15 15:30:34.844,25.219
AS14.01,2014-04-15 15:31:08.437,10.042
AS14.01,2014-04-15 15:31:55.848,9.136
AS14.01,2014-04-15 22:22:58.493,1.003
AS14.01,2014-04-15 22:22:59.500,43.26
AS14.01,2014-04-15 22:23:58.174,4.018
AS14.01,2014-04-15 22:37:42.773,2.026
AS14.01,2014-04-16 00:09:44.546,21.078
AS14.01,2014-04-16 00:10:46.875,3.03
AS14.01,2014-04-16 08:16:24.576,55.181
AS14.01,2014-04-16 09:25:12.438,49.344
AS14.01,2014-04-16 09:47:16.440,16.146
AS14.01,2014-04-16 10:27:49.757,8.039
AS14.01,2014-04-16 14:59:08.848,29.178
AS14.01,2014-04-16 20:48:21.730,2.038
AS14.01,2014-04-16 21:17:41.601,27.433
AS14.01,2014-04-16 21:19:57.849,12.12
AS14.01,2014-04-17 00:02:23.927,10.491
AS14.01,2014-04-17 11:28:35.299,5.02
AS14.01,2014-04-17 20:35:43.092,34.207
AS14.01,2014-04-18 00:06:52.986,6.103
AS14.01,2014-04-18 12:23:36.081,56.219
AS14.01,2014-04-18 12:26:19.885,20.327
AS14.01,2014-04-18 14:40:15.441,6.031
AS14.01,2014-04-19 10:56:32.181,22.081
AS14.01,2014-04-19 10:57:45.533,73.405
AS14.01,2014-04-19 10:59:37.184,6.115
AS14.01,2014-04-19 12:47:45.213,163.983
AS14.01,2014-04-19 13:24:37.809,8.045
AS14.01,2014-04-19 15:05:38.026,18.079
AS14.01,2014-04-19 15:06:38.562,2.047
AS14.01,2014-04-19 15:37:00.990,3.009
AS14.01,2014-04-19 17:47:21.082,9.032
AS14.01,2014-04-20 02:12:40.986,22.065
AS14.01,2014-04-20 14:41:22.434,29.358
AS14.01,2014-04-20 17:56:22.430,14.192
AS14.01,2014-04-20 17:58:46.375,3.155
AS14.01,2014-04-20 18:04:09.980,9.042
AS14.01,2014-04-20 18:05:05.243,2.066
AS14.01,2014-04-20 18:05:26.394,1.011
AS14.01,2014-04-20 20:08:08.529,8.029
AS14.01,2014-04-20 20:20:05.494,15.055
AS14.01,2014-04-20 20:26:56.257,17.062
AS14.01,2014-04-21 14:33:43.648,21.068
AS14.01,2014-04-21 18:37:33.329,23.207
AS14.01,2014-04-21 18:38:30.744,10.337
AS14.01,2014-04-21 19:05:11.500,31.103
AS14.01,2014-04-21 19:06:16.071,87.597
AS14.01,2014-04-21 21:36:46.667,16.193
AS14.01,2014-04-21 21:39:16.849,6.335
AS14.01,2014-04-21 21:40:40.480,7.015
AS14.01,2014-04-21 21:42:53.151,5.017
AS14.01,2014-04-21 21:43:37.303,3.01
AS14.01,2014-04-22 00:04:58.964,3.015
AS14.01,2014-04-22 09:50:38.733,1.001
AS14.01,2014-04-22 09:50:39.736,54.229
AS14.01,2014-04-22 09:58:22.246,44.322
AS14.01,2014-04-22 10:02:58.819,1.002
AS14.01,2014-04-22 10:02:59.822,21.115
AS14.01,2014-04-22 10:03:35.046,4.016
AS14.01,2014-04-22 10:03:44.088,45.148
AS14.01,2014-04-22 16:48:50.275,36.185
AS14.01,2014-04-22 16:50:46.828,39.186
AS14.01,2014-04-22 19:31:12.048,27.079
AS14.01,2014-04-22 19:32:40.325,15.049
AS14.01,2014-04-22 19:35:16.377,26.327
AS14.01,2014-04-22 21:20:21.358,1.003
AS14.01,2014-04-22 21:20:22.362,52.189
AS14.01,2014-04-22 21:21:45.680,16.079
AS14.01,2014-04-22 21:22:45.013,1.003
AS14.01,2014-04-22 21:23:13.223,10.042
AS14.01,2014-04-22 21:24:15.687,3.148
AS14.01,2014-04-22 21:24:31.881,4.017
AS14.01,2014-04-22 22:06:55.068,18.06
AS14.01,2014-04-23 15:42:27.348,6.027
AS14.01,2014-04-23 21:12:43.457,20.458
AS14.01,2014-04-23 21:53:49.105,26.725
AS14.01,2014-04-23 21:55:37.105,56.198
AS14.01,2014-04-23 22:03:41.959,21.831
AS14.01,2014-04-23 22:17:23.221,53.224
AS14.01,2014-04-23 22:46:59.042,21.287
AS14.01,2014-04-23 23:39:53.726,1.016
AS14.01,2014-04-23 23:39:54.750,11.041
AS14.01,2014-04-23 23:40:36.979,11.04
AS14.01,2014-04-23 23:41:20.305,18.097
AS14.01,2014-04-24 00:00:59.174,12.099
AS14.01,2014-04-24 00:04:42.318,26.112
AS14.01,2014-04-24 00:09:12.492,5.582
AS14.01,2014-04-24 00:16:09.582,1.01
AS14.01,2014-04-24 00:16:10.596,38.426
AS14.01,2014-04-24 00:20:17.461,3.055
AS14.01,2014-04-24 00:20:34.779,30.218
AS14.01,2014-04-24 00:25:17.948,25.096
AS14.01,2014-04-24 00:27:19.217,3.007
AS14.01,2014-04-24 00:53:36.523,1.006
AS14.01,2014-04-24 00:53:37.532,9.025
AS14.01,2014-04-24 04:21:57.558,1.002
AS14.01,2014-04-24 04:21:58.562,34.212
AS14.01,2014-04-24 04:23:30.933,4.018
AS14.01,2014-04-24 04:23:55.058,16.126
AS14.01,2014-04-24 18:26:00.286,1.001
AS14.01,2014-04-24 18:26:01.289,37.137
AS14.01,2014-04-24 18:26:48.565,16.048
AS14.01,2014-04-24 19:31:39.007,1.003
AS14.01,2014-04-24 19:31:40.019,112.508
AS14.01,2014-04-24 20:10:11.178,47.193
AS14.01,2014-04-24 21:08:28.948,1.001
AS14.01,2014-04-24 21:08:29.950,15.073
AS14.01,2014-04-24 21:09:41.342,3.056
AS14.01,2014-04-24 21:10:03.631,24.079
AS14.01,2014-04-24 22:28:14.854,131.678
AS14.01,2014-04-24 22:52:23.204,10.022
AS14.01,2014-04-24 22:52:39.267,5.015
AS14.01,2014-04-24 22:52:49.334,34.133
AS14.01,2014-04-24 22:54:17.698,27.109
AS14.01,2014-04-24 23:15:52.375,40.147
AS14.01,2014-04-25 10:12:28.766,17.148
AS14.01,2014-04-25 10:27:34.608,11.037
AS14.01,2014-04-25 18:27:10.233,56.271
AS14.01,2014-04-25 19:17:05.470,38.14
AS14.01,2014-04-25 19:19:04.881,131.766
AS14.01,2014-04-25 19:21:29.769,9.022
AS14.01,2014-04-25 19:42:21.829,3.62
AS14.01,2014-04-25 19:48:24.301,5.263
AS14.01,2014-04-25 19:48:31.306,1.195
AS14.01,2014-04-25 19:49:20.046,9.846
AS14.01,2014-04-25 19:55:05.720,14.822
AS14.01,2014-04-25 20:11:22.582,2.569
AS14.01,2014-04-25 20:12:46.171,2.066
AS14.01,2014-04-25 20:15:46.250,2.043
AS14.01,2014-04-25 20:17:08.026,28.089
AS14.01,2014-04-25 20:18:17.421,3.03
AS14.01,2014-04-25 20:18:46.562,12.047
AS14.01,2014-04-26 10:50:22.305,11.051
AS14.01,2014-04-26 11:32:58.553,11.041
AS14.01,2014-04-26 11:49:52.492,1.005
AS14.01,2014-04-26 11:49:53.497,10.522
AS14.01,2014-04-26 12:18:19.549,14.054
AS14.01,2014-04-26 13:18:58.318,4.022
AS14.01,2014-04-26 19:21:50.569,51.73
AS14.01,2014-04-26 19:56:37.349,3.009
AS14.01,2014-04-26 20:25:56.595,17.272
AS14.01,2014-04-26 20:26:38.164,71.336
AS14.01,2014-04-26 20:28:32.742,3.014
AS14.01,2014-04-26 20:29:23.907,39.137
AS14.01,2014-04-26 20:32:27.733,9.081
AS14.01,2014-04-26 20:33:43.161,5.039
AS14.01,2014-04-26 20:35:42.707,4.013
AS14.01,2014-04-26 20:46:16.331,5.95
AS14.01,2014-04-26 20:46:28.520,13.606
AS14.01,2014-04-26 20:47:09.447,9.282
AS14.01,2014-04-26 22:11:39.374,15.5
AS14.01,2014-04-26 22:12:17.655,3.022
AS14.01,2014-04-26 22:20:01.349,13.077
AS14.01,2014-04-27 14:41:03.308,1.01
AS14.01,2014-04-27 14:41:04.322,11.063
AS14.01,2014-04-27 14:42:16.730,1.011
AS14.01,2014-04-27 16:34:49.829,19.059
AS14.01,2014-04-27 21:01:20.529,14.062
AS14.01,2014-04-27 21:02:03.960,14.133
AS14.01,2014-04-28 10:15:49.154,17.085
AS14.01,2014-04-28 10:17:49.969,22.1
AS14.01,2014-04-28 10:19:39.671,6.029
AS14.01,2014-04-28 10:20:03.994,35.124
AS14.01,2014-04-28 10:25:47.548,23.097
AS14.01,2014-04-28 10:32:43.696,9.03
AS14.01,2014-04-28 10:36:58.158,29.119
AS14.01,2014-04-28 10:37:44.331,4.01
AS14.01,2014-04-28 10:38:30.490,7.076
AS14.01,2014-04-28 12:46:45.601,37.159
AS14.01,2014-04-28 13:49:42.871,16.143
AS14.01,2014-04-28 13:51:05.283,5.019
AS14.01,2014-04-28 13:52:30.703,7.021
AS14.01,2014-04-28 13:53:07.880,42.137
AS14.01,2014-04-28 13:55:15.506,2.008
AS14.01,2014-04-28 13:56:31.854,16.051
AS14.01,2014-04-28 15:06:10.154,33.453
AS14.01,2014-04-28 15:07:15.615,5.237
AS14.01,2014-04-28 15:07:41.944,16.047
AS14.01,2014-04-28 15:16:19.272,15.053
AS14.01,2014-04-28 15:16:52.405,23.09
AS14.01,2014-04-28 15:17:37.730,9.105
AS14.01,2014-04-29 10:31:41.990,24.192
AS14.01,2014-04-29 10:34:01.930,5.223
AS14.01,2014-04-29 11:48:24.234,56.223
AS14.01,2014-04-29 15:27:02.651,39.159
AS14.01,2014-04-29 15:32:45.305,63.617
AS14.01,2014-04-29 16:32:13.661,1.006
AS14.01,2014-04-29 16:32:14.668,17.479
AS14.01,2014-04-29 16:33:08.385,4.024
AS14.01,2014-04-29 18:04:47.085,12.045
AS14.01,2014-04-29 19:03:22.145,1.003
AS14.01,2014-04-29 19:03:23.150,10.219
AS14.01,2014-04-29 19:37:34.072,77.993
AS14.01,2014-04-29 19:38:54.661,0.989
AS14.01,2014-04-29 19:39:33.161,20.767
AS14.01,2014-04-29 19:40:14.130,7.141
AS14.01,2014-04-29 19:42:16.082,42.205
AS14.01,2014-04-29 19:43:03.407,16.077
AS14.01,2014-04-29 21:54:59.039,1.021
AS14.01,2014-04-29 21:55:00.150,10.053
AS14.01,2014-04-30 14:24:02.611,1.002
AS14.01,2014-04-30 14:24:03.618,29.302
AS14.01,2014-04-30 14:34:42.071,24.378
AS14.01,2014-04-30 14:40:44.625,2.049
AS14.01,2014-04-30 20:25:10.075,55.564
AS14.01,2014-05-01 00:11:42.427,22.179
AS14.01,2014-05-01 00:12:05.874,14.036
AS14.01,2014-05-01 00:14:04.357,43.474
AS14.01,2014-05-01 00:15:12.029,18.055
AS14.01,2014-05-01 00:18:14.848,33.114
AS14.01,2014-05-01 00:18:59.003,39.157
AS14.01,2014-05-01 00:20:12.431,9.029
AS14.01,2014-05-01 00:23:35.940,1.007
AS14.01,2014-05-01 00:23:36.954,11.058
AS14.01,2014-05-01 00:24:05.104,21.093
AS14.01,2014-05-01 16:22:24.022,6.094
AS14.01,2014-05-01 19:18:47.967,6.022
AS14.01,2014-05-01 21:12:28.177,23.09
AS14.01,2014-05-01 21:12:59.456,2.006
AS14.01,2014-05-01 22:07:22.525,20.155
AS14.01,2014-05-02 10:35:44.335,5.017
AS14.01,2014-05-02 20:55:25.957,6.066
AS14.01,2014-05-03 10:05:30.674,76.319
AS14.01,2014-05-03 10:51:16.381,21.132
AS14.01,2014-05-03 11:46:13.374,4.07
AS14.01,2014-05-03 14:03:36.736,24.084
AS14.01,2014-05-05 00:15:26.313,164.567
AS14.01,2014-05-05 00:18:14.953,48.138
AS14.01,2014-05-05 00:19:42.322,48.156
AS14.01,2014-05-05 09:41:03.888,3.47
AS14.02,2014-03-27 13:59:02.842,1.019
AS14.02,2014-03-27 13:59:03.898,2.033
AS14.02,2014-03-27 13:59:05.960,1.094
AS14.02,2014-03-27 13:59:07.059,5.661
AS14.02,2014-03-27 13:59:18.183,3.447
AS14.02,2014-03-27 14:00:04.457,3.036
AS14.02,2014-03-27 14:09:47.020,3.546
AS14.02,2014-03-27 14:26:03.921,2.877
AS14.02,2014-03-27 14:42:16.118,2.799
AS14.02,2014-03-27 14:43:23.828,3.565
AS14.02,2014-03-27 14:43:36.069,6.037
AS14.02,2014-03-27 14:44:40.023,6.685
AS14.02,2014-03-27 14:46:22.233,11.3
AS14.02,2014-03-27 14:47:39.089,11.992
AS14.02,2014-03-27 14:48:13.309,2.072
AS14.02,2014-04-10 17:29:18.154,1.017
AS14.02,2014-04-10 17:29:19.184,1.028
AS14.02,2014-04-12 19:09:37.832,1.063
AS14.02,2014-04-12 19:09:38.927,5.923
AS14.02,2014-04-14 16:10:26.298,1.006
AS14.02,2014-04-14 16:10:27.364,2.168
AS14.02,2014-04-14 16:10:29.805,20.052
AS14.02,2014-04-14 16:10:49.861,2.03
AS14.02,2014-04-14 18:40:29.125,1.022
AS14.02,2014-04-14 18:40:30.153,15.142
AS14.02,2014-04-14 18:40:45.302,30.094
AS14.02,2014-04-14 18:42:15.263,9.459
AS14.02,2014-04-14 19:05:33.322,3.515
AS14.03,2014-03-22 21:42:38.887,4.35
AS14.03,2014-03-24 17:00:09.437,5.136
AS14.03,2014-03-25 12:51:39.128,21.219
AS14.03,2014-03-25 20:10:07.148,0.482
AS14.03,2014-03-25 20:10:25.812,7.142
AS14.03,2014-03-27 09:38:49.108,13.124
AS14.03,2014-03-27 20:54:58.861,4.366
AS14.03,2014-03-28 08:57:47.749,7.045
AS14.03,2014-03-31 09:28:52.342,5.16
AS14.03,2014-04-03 10:04:42.582,22.155
AS14.03,2014-04-03 10:05:40.677,7.042
AS14.03,2014-04-11 09:41:47.584,4.513
AS14.03,2014-04-12 12:44:57.506,9.33
AS14.03,2014-04-14 21:00:23.963,17.303
AS14.03,2014-04-16 20:18:32.506,7.662
AS14.03,2014-04-17 18:43:13.003,7.145
AS14.03,2014-04-17 19:52:53.888,24.186
AS14.03,2014-04-18 20:34:13.138,7.954
AS14.03,2014-04-21 17:58:30.288,5.461
AS14.03,2014-04-25 12:11:32.220,10.174
AS14.03,2014-04-28 08:35:24.993,7.097
AS14.03,2014-04-28 14:57:51.273,6.141
AS14.03,2014-04-30 13:30:51.726,10.203
AS14.03,2014-04-30 20:17:42.898,6.067
AS14.03,2014-05-01 07:59:40.658,12.198
AS14.03,2014-05-02 09:58:29.973,5.096
AS14.03,2014-05-02 10:25:56.994,7.236
AS14.03,2014-05-02 14:34:05.599,8.291
AS14.03,2014-05-02 21:23:24.599,8.279
AS14.03,2014-05-03 14:33:22.676,11.342
AS14.03,2014-05-05 17:12:35.151,6.155
AS14.05,2014-03-14 10:20:53.688,14.298
AS14.05,2014-03-14 11:52:06.107,9.276
AS14.05,2014-03-14 11:54:56.895,5.083
AS14.05,2014-03-15 12:27:56.015,2.006
AS14.05,2014-03-15 12:28:08.122,22.107
AS14.05,2014-03-15 16:14:10.194,9.146
AS14.05,2014-03-15 20:15:55.319,8.058
AS14.05,2014-03-16 19:36:09.270,22.33
AS14.05,2014-03-16 22:52:11.486,6.043
AS14.05,2014-03-17 15:38:16.398,7.073
AS14.05,2014-03-17 22:08:55.470,6.19
AS14.05,2014-03-17 23:58:41.438,6.065
AS14.05,2014-03-18 00:14:07.049,11.15
AS14.05,2014-03-18 12:38:28.469,4.011
AS14.05,2014-03-18 12:44:05.338,8.073
AS14.05,2014-03-18 18:03:38.924,7.27
AS14.05,2014-03-18 18:19:56.414,11.136
AS14.05,2014-03-18 18:21:08.727,12.012
AS14.05,2014-03-18 18:22:00.466,0.246
AS14.05,2014-03-18 18:31:24.749,4.018
AS14.05,2014-03-19 01:03:32.214,6.056
AS14.05,2014-03-19 23:59:44.115,9.034
AS14.05,2014-03-22 10:23:32.923,7.036
AS14.05,2014-03-24 23:42:36.569,153.627
AS14.05,2014-03-25 01:57:25.160,6.111
AS14.05,2014-03-25 09:13:40.016,52.233
AS14.05,2014-03-25 09:15:59.602,18.117
AS14.05,2014-03-25 14:08:10.532,411.019
AS14.05,2014-03-25 14:32:47.154,0.522
AS14.05,2014-03-25 14:42:10.131,0.859
AS14.05,2014-03-25 14:51:11.923,6.177
AS14.05,2014-03-27 12:34:52.834,21.25
AS14.05,2014-03-27 15:52:35.326,5.035
AS14.05,2014-03-28 14:56:28.625,17.071
AS14.05,2014-03-29 12:44:52.338,23.047
AS14.05,2014-03-29 12:45:26.055,24.093
AS14.05,2014-03-30 01:15:05.505,44.323
AS14.05,2014-03-30 11:32:02.355,14.354
AS14.05,2014-03-30 20:14:46.798,37.218
AS14.05,2014-03-31 13:14:34.117,66.526
AS14.05,2014-04-01 17:09:48.575,13.104
AS14.05,2014-04-01 17:19:31.838,6.027
AS14.05,2014-04-02 15:29:25.802,4.017
AS14.05,2014-04-02 17:29:34.444,6.089
AS14.05,2014-04-04 19:03:32.187,12.31
AS14.05,2014-04-04 21:54:22.618,10.201
AS14.05,2014-04-06 00:31:33.480,25.075
AS14.05,2014-04-06 00:33:13.174,1.425
AS14.05,2014-04-06 00:52:47.940,6.059
AS14.05,2014-04-06 02:02:20.171,12.071
AS14.05,2014-04-06 02:03:20.549,1.022
AS14.05,2014-04-06 02:13:35.493,2.197
AS14.05,2014-04-06 03:49:42.858,7.084
AS14.05,2014-04-06 03:50:01.188,4.013
AS14.05,2014-04-06 03:50:33.668,5.023
AS14.05,2014-04-06 03:50:50.108,9.029
AS14.05,2014-04-07 10:24:36.598,12.036
AS14.05,2014-04-07 10:26:27.395,11.041
AS14.05,2014-04-07 11:58:56.299,1.002
AS14.05,2014-04-07 19:29:19.385,5.037
AS14.05,2014-04-07 20:25:40.348,3.087
AS14.05,2014-04-09 07:58:42.426,4.016
AS14.05,2014-04-10 21:15:33.407,4.033
AS14.05,2014-04-11 16:31:54.091,5.04
AS14.05,2014-04-12 13:35:35.032,13.248
AS14.05,2014-04-12 13:47:29.484,14.082
AS14.05,2014-04-12 15:19:42.206,6.09
AS14.05,2014-04-12 23:16:40.938,5.021
AS14.05,2014-04-14 08:41:33.775,11.048
AS14.05,2014-04-14 23:22:07.816,59.0
AS14.05,2014-04-14 23:43:52.203,4.051
AS14.05,2014-04-15 14:08:06.668,8.036
AS14.05,2014-04-15 14:10:33.556,3.188
AS14.05,2014-04-16 18:45:59.466,10.071
AS14.05,2014-04-16 18:49:31.750,8.086
AS14.05,2014-04-16 18:52:51.947,5.037
AS14.05,2014-04-17 10:31:36.976,9.065
AS14.05,2014-04-17 10:35:09.414,7.043
AS14.05,2014-04-17 10:37:18.536,1.102
AS14.05,2014-04-17 15:21:45.785,18.142
AS14.05,2014-04-17 19:40:05.660,5.012
AS14.05,2014-04-18 23:46:13.332,3.028
AS14.05,2014-04-19 18:58:01.309,9.263
AS14.05,2014-04-19 19:56:47.969,5.022
AS14.05,2014-04-20 00:11:16.598,26.158
AS14.05,2014-04-20 10:24:33.880,4.015
AS14.05,2014-04-20 12:00:02.513,7.065
AS14.05,2014-04-20 13:11:45.786,10.05
AS14.05,2014-04-20 13:19:01.937,10.098
AS14.05,2014-04-20 13:28:12.308,11.201
AS14.05,2014-04-20 16:56:27.404,2.006
AS14.05,2014-04-20 19:52:04.191,23.221
AS14.05,2014-04-20 19:55:25.315,10.053
AS14.05,2014-04-20 23:40:29.286,6.053
AS14.05,2014-04-21 00:02:45.701,11.049
AS14.05,2014-04-21 11:42:07.247,16.168
AS14.05,2014-04-21 11:42:38.525,1.055
AS14.05,2014-04-21 12:05:33.823,15.187
AS14.05,2014-04-21 12:08:40.414,2.133
AS14.05,2014-04-21 12:09:13.085,7.063
AS14.05,2014-04-21 12:14:07.029,23.089
AS14.05,2014-04-21 16:00:34.743,14.218
AS14.05,2014-04-21 16:16:30.240,7.024
AS14.05,2014-04-21 17:16:45.362,10.367
AS14.05,2014-04-21 17:18:19.470,4.021
AS14.05,2014-04-21 17:23:03.164,9.061
AS14.05,2014-04-21 18:20:37.055,17.101
AS14.05,2014-04-21 20:27:21.937,3.028
AS14.05,2014-04-21 21:02:08.130,2.013
AS14.05,2014-04-21 23:53:24.670,72.452
AS14.05,2014-04-22 13:08:31.535,3.046
AS14.05,2014-04-22 13:20:03.762,7.061
AS14.05,2014-04-22 13:30:32.579,2.073
AS14.05,2014-04-24 15:43:39.823,10.037
AS14.05,2014-04-25 13:42:36.634,5.039
AS14.05,2014-04-25 17:48:47.135,2.007
AS14.05,2014-04-25 19:37:52.612,10.086
AS14.05,2014-04-25 22:56:24.313,18.133
AS14.05,2014-04-26 10:20:04.052,9.097
AS14.05,2014-04-26 11:14:33.546,27.137
AS14.05,2014-04-26 11:35:01.763,6.025
AS14.05,2014-04-26 11:37:13.743,8.066
AS14.05,2014-04-26 11:54:15.049,1.003
AS14.05,2014-04-26 15:55:23.638,10.06
AS14.05,2014-04-26 22:06:50.296,3.012
AS14.05,2014-04-26 23:51:54.240,8.059
AS14.05,2014-04-27 00:01:05.476,5.049
AS14.05,2014-04-27 00:14:28.884,7.04
AS14.05,2014-04-27 00:15:55.233,34.242
AS14.05,2014-04-27 10:53:04.451,9.205
AS14.05,2014-04-27 13:05:32.065,9.128
AS14.05,2014-04-27 13:08:05.500,6.049
AS14.05,2014-04-27 13:08:44.046,2.022
AS14.05,2014-04-27 19:00:27.921,6.023
AS14.05,2014-04-28 22:12:07.247,3.01
AS14.05,2014-04-29 12:56:58.980,9.084
AS14.05,2014-04-29 12:58:15.984,1.04
AS14.05,2014-04-30 18:57:10.773,10.068
AS14.05,2014-05-02 00:26:23.005,17.119
AS14.05,2014-05-02 15:34:12.299,13.046
AS14.05,2014-05-02 15:38:41.262,11.054
AS14.05,2014-05-02 21:16:12.384,1.01
AS14.05,2014-05-03 23:49:04.184,9.075
AS14.05,2014-05-04 20:57:32.786,26.158
AS14.07,2014-03-21 11:28:30.211,31.218
AS14.07,2014-03-28 15:43:44.079,14.226
AS14.07,2014-04-04 23:18:44.125,363.429
AS14.07,2014-04-06 01:14:39.417,1.002
AS14.07,2014-04-09 22:09:39.983,6.038
AS14.07,2014-04-24 12:42:40.801,1.003
AS14.07,2014-04-28 19:30:40.779,1.179
AS14.07,2014-04-28 19:34:28.908,3.009
AS14.07,2014-04-28 21:01:47.801,3.022
AS14.08,2014-03-13 16:20:02.170,13.062
AS14.08,2014-03-14 07:37:45.177,10.053
AS14.08,2014-03-14 11:36:11.427,7.017
AS14.08,2014-03-14 12:48:08.496,3.039
AS14.08,2014-03-16 20:08:56.427,11.119
AS14.08,2014-03-19 11:11:05.499,8.043
AS14.08,2014-03-19 22:06:09.285,10.153
AS14.08,2014-03-21 09:06:24.247,24.097
AS14.08,2014-03-21 09:06:48.345,13.164
AS14.08,2014-03-21 11:50:26.039,11.055
AS14.08,2014-03-22 18:09:55.530,16.075
AS14.08,2014-03-23 14:02:30.405,8.045
AS14.08,2014-03-23 14:03:51.354,21.084
AS14.08,2014-03-23 14:23:14.589,46.284
AS14.08,2014-03-23 14:29:12.437,7.038
AS14.08,2014-03-24 10:48:59.700,6.029
AS14.08,2014-03-24 21:04:34.721,5.034
AS14.08,2014-03-26 09:30:11.589,11.029
AS14.08,2014-03-27 21:03:33.240,4.008
AS14.08,2014-03-27 23:30:57.914,20.042
AS14.08,2014-03-31 11:27:26.243,14.035
AS14.08,2014-04-01 20:55:26.265,3.005
AS14.08,2014-04-02 19:59:18.276,20.146
AS14.08,2014-04-03 08:53:49.625,11.185
AS14.08,2014-04-03 20:28:57.418,28.361
AS14.08,2014-04-03 20:51:44.328,11.031
AS14.08,2014-04-04 13:27:53.838,9.065
AS14.08,2014-04-05 23:21:18.122,11.042
AS14.08,2014-04-05 23:23:04.973,6.015
AS14.08,2014-04-06 08:28:03.832,11.055
AS14.08,2014-04-08 19:20:53.759,15.051
AS14.08,2014-04-08 19:26:58.246,16.146
AS14.08,2014-04-09 07:49:40.415,6.016
AS14.08,2014-04-10 09:30:59.346,21.441
AS14.08,2014-04-10 12:18:15.457,18.113
AS14.08,2014-04-10 23:34:07.032,8.029
AS14.08,2014-04-11 00:19:45.852,3.01
AS14.08,2014-04-13 12:41:57.641,5.043
AS14.08,2014-04-14 07:58:11.102,5.231
AS14.08,2014-04-14 11:54:54.032,3.009
AS14.08,2014-04-14 12:31:31.270,14.047
AS14.08,2014-04-14 13:49:13.415,9.106
AS14.08,2014-04-16 13:12:59.328,8.032
AS14.08,2014-04-16 13:19:49.053,4.024
AS14.08,2014-04-16 17:23:48.592,6.099
AS14.08,2014-04-16 20:27:03.479,5.185
AS14.08,2014-04-16 21:46:43.447,10.05
AS14.08,2014-04-17 08:33:06.631,3.038
AS14.08,2014-04-19 18:54:37.237,7.023
AS14.08,2014-04-20 16:18:48.242,15.074
AS14.08,2014-04-21 08:12:18.625,6.026
AS14.08,2014-05-01 09:12:14.358,199.548
AS14.08,2014-05-01 09:37:40.315,3.004
AS14.08,2014-05-02 18:54:07.911,3.172
AS14.08,2014-05-03 16:48:54.911,19.112
AS14.08,2014-05-03 17:26:05.709,6.024
AS14.08,2014-05-03 18:10:18.002,8.023
AS14.08,2014-05-03 19:23:01.332,11.055
AS14.09,2014-03-21 21:07:22.407,1.017
AS14.09,2014-03-21 22:00:08.795,1.003
AS14.09,2014-03-22 14:23:06.441,1.003
AS14.09,2014-03-23 20:46:41.157,1.005
AS14.09,2014-03-23 22:28:27.532,1.039
AS14.09,2014-03-23 22:28:28.573,1.01
AS14.09,2014-03-24 19:09:22.122,0.618
AS14.09,2014-03-24 19:10:01.198,16.997
AS14.09,2014-03-24 19:27:41.296,3.052
AS14.09,2014-03-25 23:55:41.821,1.005
AS14.09,2014-03-25 23:56:17.607,1.008
AS14.09,2014-03-25 23:56:27.671,1.003
AS14.09,2014-03-26 10:43:36.177,1.01
AS14.09,2014-03-26 16:11:06.815,5.053
AS14.09,2014-03-26 16:11:12.951,50.557
AS14.09,2014-03-26 16:12:03.509,19.379
AS14.09,2014-03-28 19:57:29.838,1.005
AS14.09,2014-03-28 19:57:34.954,55.109
AS14.09,2014-03-28 20:10:02.474,11.811
AS14.09,2014-03-28 20:10:51.786,3.047
AS14.09,2014-03-29 18:57:54.013,1.23
AS14.09,2014-03-29 18:58:14.957,2.012
AS14.09,2014-03-30 12:56:03.148,1.027
AS14.09,2014-03-30 12:56:04.177,2.027
AS14.09,2014-03-30 19:09:41.206,1.007
AS14.09,2014-03-31 14:24:35.072,1.01
AS14.09,2014-03-31 14:24:36.085,1.015
AS14.09,2014-03-31 14:41:19.108,2.018
AS14.09,2014-04-01 22:36:43.805,1.014
AS14.09,2014-04-01 23:11:22.176,1.005
AS14.09,2014-04-01 23:11:23.184,1.027
AS14.09,2014-04-01 23:48:55.566,1.017
AS14.09,2014-04-01 23:53:56.765,1.008
AS14.09,2014-04-02 10:31:57.704,1.014
AS14.09,2014-04-02 10:31:58.720,1.044
AS14.09,2014-04-02 13:24:06.763,4.023
AS14.09,2014-04-02 13:24:10.789,11.125
AS14.09,2014-04-02 13:24:21.924,41.052
AS14.09,2014-04-02 15:01:43.190,1.004
AS14.09,2014-04-04 01:14:06.523,1.055
AS14.09,2014-04-04 20:15:51.190,1.03
AS14.09,2014-04-04 20:15:52.221,1.002
AS14.09,2014-04-05 13:00:12.085,1.007
AS14.09,2014-04-06 16:31:31.608,1.013
AS14.09,2014-04-06 21:28:48.980,3.046
AS14.09,2014-04-06 21:28:52.095,10.131
AS14.09,2014-04-06 21:29:02.226,8.132
AS14.09,2014-04-10 11:50:16.782,1.011
AS14.09,2014-04-10 11:50:17.795,1.008
AS14.09,2014-04-12 12:16:20.155,1.008
AS14.09,2014-04-12 18:29:51.440,56.07
AS14.09,2014-04-12 18:45:38.081,2.02
AS14.09,2014-04-13 18:33:14.118,1.008
AS14.09,2014-04-17 14:37:43.875,1.067
AS14.09,2014-04-17 14:37:48.111,3.03
AS14.09,2014-04-17 16:59:56.930,1.01
AS14.09,2014-04-18 12:07:13.240,1.005
AS14.09,2014-04-18 23:57:11.543,2.006
AS14.09,2014-04-21 17:15:24.219,1.01
AS14.09,2014-04-21 17:15:25.234,1.195
AS14.12,2014-03-27 21:14:35.782,5.052
AS14.12,2014-03-28 22:20:53.325,6.109
AS14.12,2014-03-28 23:25:51.062,6.011
AS14.12,2014-03-28 23:26:31.845,2.049
AS14.12,2014-03-29 12:42:03.496,2.073
AS14.12,2014-03-29 12:49:42.622,6.047
AS14.12,2014-03-30 15:29:36.943,5.109
AS14.12,2014-03-30 15:45:07.563,0.976
AS14.12,2014-03-30 16:36:32.351,4.016
AS14.12,2014-03-30 18:39:22.012,2.008
AS14.12,2014-03-30 18:39:46.122,3.008
AS14.12,2014-04-07 00:11:59.536,4.213
AS14.12,2014-04-07 09:15:55.463,12.51
AS14.12,2014-04-07 09:19:24.926,5.017
AS14.12,2014-04-07 09:19:36.211,1.011
AS14.12,2014-04-07 15:55:13.542,1.216
AS14.12,2014-04-07 15:55:15.703,10.405
AS14.12,2014-04-07 15:57:59.118,2.215
AS14.12,2014-04-07 15:59:28.865,1.284
AS14.12,2014-04-07 16:05:14.607,5.027
AS14.12,2014-04-09 00:01:53.157,8.038
AS14.12,2014-04-09 13:59:17.375,4.141
AS14.12,2014-04-09 18:36:32.650,5.217
AS14.12,2014-04-12 00:14:46.358,1.003
AS14.12,2014-04-12 00:14:51.474,8.051
AS14.12,2014-04-12 19:22:42.744,3.014
AS14.12,2014-04-13 21:52:36.601,5.019
AS14.12,2014-04-14 09:06:35.368,6.025
AS14.12,2014-04-14 18:46:03.609,4.084
AS14.12,2014-04-15 14:14:07.466,5.128
AS14.12,2014-04-17 23:41:58.362,5.022
AS14.12,2014-04-18 20:31:29.256,4.026
AS14.12,2014-04-20 16:09:46.076,0.365
AS14.12,2014-04-20 16:09:48.698,2.743
AS14.12,2014-04-20 16:10:20.052,4.034
AS14.12,2014-04-21 13:44:47.506,3.038
AS14.12,2014-04-22 11:13:07.167,4.156
AS14.12,2014-04-25 23:50:57.940,12.336
AS14.12,2014-04-25 23:51:27.964,9.027
AS14.12,2014-04-25 23:51:42.096,1.998
AS14.12,2014-04-25 23:52:55.595,13.062
AS14.12,2014-04-30 19:31:59.825,4.11
AS14.12,2014-05-01 18:37:45.755,1.017
AS14.12,2014-05-01 18:37:50.993,4.031
AS14.12,2014-05-02 13:16:41.993,4.063
AS14.12,2014-05-03 19:21:07.947,6.035
AS14.12,2014-05-03 20:34:57.410,12.396
AS14.12,2014-05-03 20:40:35.948,4.243
AS14.13,2014-03-17 12:45:46.072,6.493
AS14.13,2014-03-17 12:46:11.980,6.025
AS14.13,2014-03-25 00:05:35.398,25.496
AS14.13,2014-03-29 16:48:12.612,43.997
AS14.13,2014-04-08 14:30:30.904,24.576
AS14.13,2014-04-09 10:05:23.398,15.201
AS14.13,2014-04-09 10:05:38.605,276.5
AS14.13,2014-04-09 11:48:25.457,19.384
AS14.13,2014-04-09 11:48:44.842,5.349
AS14.13,2014-04-27 15:44:02.984,53.822
AS14.13,2014-04-27 15:44:57.007,16.106
AS14.14,2014-03-22 23:43:16.634,1.004
AS14.14,2014-03-22 23:43:17.640,10.09
AS14.14,2014-03-22 23:43:27.736,1.039
AS14.15,2014-03-18 11:33:40.970,17.082
AS14.15,2014-03-28 09:32:55.562,20.068
AS14.15,2014-03-28 09:33:15.634,21.12
AS14.15,2014-03-28 09:33:36.757,7.041
AS14.16,2014-04-06 09:31:39.961,19.138
AS14.16,2014-05-04 19:08:52.595,13.048
AS14.17,2014-03-22 21:45:15.019,17.126
AS14.17,2014-03-24 09:04:59.809,36.053
AS14.17,2014-03-24 09:15:34.210,3.017
AS14.17,2014-03-24 09:15:45.260,3.069
AS14.17,2014-03-25 23:14:14.717,4.956
AS14.17,2014-03-25 23:24:52.914,4.91
AS14.17,2014-03-26 19:59:21.115,1.01
AS14.17,2014-03-26 19:59:22.138,19.074
AS14.17,2014-03-26 19:59:43.221,9.028
AS14.17,2014-03-26 19:59:53.263,56.339
AS14.17,2014-03-31 13:03:05.759,42.668
AS14.17,2014-03-31 14:20:35.894,4.148
AS14.17,2014-03-31 15:35:05.509,6.021
AS14.17,2014-03-31 15:35:13.539,52.247
AS14.17,2014-04-01 18:26:55.368,4.275
AS14.17,2014-04-01 18:33:21.783,5.042
AS14.17,2014-04-02 06:40:11.153,10.923
AS14.17,2014-04-02 06:44:52.112,9.466
AS14.17,2014-04-02 07:19:48.721,30.878
AS14.17,2014-04-02 07:20:46.680,3.438
AS14.17,2014-04-02 07:52:27.184,1.13
AS14.17,2014-04-02 08:05:13.844,15.371
AS14.17,2014-04-03 09:59:44.746,20.074
AS14.17,2014-04-08 16:46:41.986,16.049
AS14.17,2014-04-09 16:14:27.414,4.031
AS14.17,2014-04-11 11:06:39.131,1.016
AS14.17,2014-04-11 11:06:40.148,53.406
AS14.17,2014-04-11 11:14:50.229,3.019
AS14.17,2014-04-13 01:39:36.767,20.159
AS14.17,2014-04-16 13:09:52.628,1.001
AS14.17,2014-04-16 13:09:53.630,27.096
AS14.17,2014-04-17 16:23:26.085,1.004
AS14.17,2014-04-17 16:23:27.092,2.009
AS14.17,2014-04-17 23:58:11.303,1.636
AS14.17,2014-04-18 01:06:24.683,5.019
AS14.17,2014-04-21 12:40:42.993,3.01
AS14.17,2014-04-25 23:58:44.196,8.035
AS14.17,2014-04-28 09:13:23.986,3.079
AS14.17,2014-04-30 09:12:42.575,34.883
AS14.17,2014-05-01 23:17:36.854,15.057
AS14.17,2014-05-03 13:19:15.286,9.029
AS14.17,2014-05-05 10:10:57.197,38.606
AS14.17,2014-05-05 10:23:25.434,4.02
AS14.17,2014-05-05 13:46:36.494,5.33
AS14.19,2014-04-08 16:21:36.838,33.172
AS14.19,2014-04-08 16:22:31.292,7.16
AS14.19,2014-04-08 16:48:51.029,8.959
AS14.19,2014-04-08 16:54:17.790,4.051
AS14.19,2014-04-25 19:33:36.894,0.638
AS14.19,2014-04-25 19:34:30.154,3.015
AS14.20,2014-03-25 08:14:23.197,30.493
AS14.20,2014-03-25 08:16:13.901,30.268
AS14.20,2014-03-25 08:22:13.117,5.383
AS14.20,2014-03-25 08:25:31.503,5.283
AS14.20,2014-03-25 08:28:36.463,14.191
AS14.20,2014-03-25 08:29:34.783,3.011
AS14.23,2014-03-23 11:23:59.851,14.163
AS14.23,2014-03-23 19:33:37.875,7.039
AS14.23,2014-03-24 19:09:27.477,3.016
AS14.23,2014-03-30 19:09:02.362,48.304
AS14.23,2014-04-01 12:53:03.976,35.176
AS14.23,2014-04-02 02:37:24.615,15.062
AS14.23,2014-04-02 02:37:52.746,7.028
AS14.23,2014-04-03 14:13:27.693,4.011
AS14.23,2014-04-08 01:04:31.247,9.04
AS14.23,2014-04-08 01:06:29.161,1.006
AS14.23,2014-04-08 17:34:27.663,11.073
AS14.23,2014-04-08 17:37:18.003,8.038
AS14.23,2014-04-10 01:31:56.493,2.006
AS14.23,2014-04-18 10:37:14.799,81.4
AS14.23,2014-04-18 10:39:34.539,85.56
AS14.23,2014-04-19 12:13:01.812,6.021
AS14.23,2014-04-19 23:10:17.881,10.038
AS14.23,2014-04-20 00:23:52.892,7.056
AS14.23,2014-04-22 08:34:16.987,2.009
AS14.23,2014-04-22 14:17:51.892,2.005
AS14.23,2014-04-22 20:06:51.892,4.252
AS14.23,2014-04-25 01:30:44.335,9.034
AS14.23,2014-04-25 10:26:52.012,2.007
AS14.23,2014-04-27 19:49:50.796,10.091
AS14.23,2014-04-28 01:09:41.167,11.099
AS14.23,2014-05-01 00:08:46.105,23.138
AS14.24,2014-04-15 16:00:52.295,2.044
AS14.24,2014-04-15 16:00:54.339,5.069
AS14.24,2014-04-17 14:02:34.190,1.259
AS14.24,2014-04-17 14:02:35.457,1.002
AS14.24,2014-04-17 14:02:36.464,4.142
AS14.24,2014-04-17 14:02:40.608,1.001
AS14.24,2014-04-18 18:01:43.734,1.041
AS14.24,2014-04-18 18:01:44.782,2.005
AS14.24,2014-04-18 18:01:46.792,1.002
AS14.24,2014-04-20 10:48:32.500,4.086
AS14.24,2014-04-21 17:55:13.279,1.003
AS14.24,2014-04-21 17:55:14.286,1.004
AS14.24,2014-04-21 17:55:15.295,22.184
AS14.24,2014-04-21 17:55:37.480,10.04
AS14.24,2014-04-21 21:38:55.092,2.007
AS14.24,2014-04-21 21:39:04.302,1.002
AS14.24,2014-04-22 12:31:17.428,2.01
AS14.24,2014-04-22 13:23:54.618,3.074
AS14.24,2014-04-22 15:10:55.020,2.071
AS14.24,2014-04-22 15:11:06.144,1.002
AS14.24,2014-04-22 20:47:11.456,3.018
AS14.24,2014-04-23 16:23:47.828,4.018
AS14.24,2014-04-24 10:15:14.325,2.01
AS14.24,2014-04-24 13:19:40.249,3.007
AS14.24,2014-04-24 13:21:25.130,25.258
AS14.24,2014-04-24 15:43:09.749,1.011
AS14.24,2014-04-24 15:43:10.760,3.09
AS14.24,2014-04-24 15:43:43.940,1.002
AS14.24,2014-04-24 15:43:57.000,12.044
AS14.24,2014-04-24 17:05:39.302,2.008
AS14.24,2014-04-24 17:08:47.990,1.002
AS14.24,2014-04-24 17:40:11.703,1.003
AS14.24,2014-04-24 17:40:12.710,2.003
AS14.24,2014-04-24 17:40:46.105,1.002
AS14.24,2014-04-25 18:28:00.213,21.087
AS14.24,2014-04-25 21:08:43.763,1.014
AS14.24,2014-04-25 21:08:44.779,58.358
AS14.24,2014-04-26 16:25:11.619,1.008
AS14.24,2014-04-26 16:25:12.632,3.012
AS14.24,2014-04-26 16:25:25.677,2.021
AS14.24,2014-04-28 11:09:31.747,3.011
AS14.24,2014-04-28 11:09:50.075,14.613
AS14.24,2014-04-28 11:10:30.703,1.014
AS14.24,2014-04-28 12:26:08.144,1.006
AS14.24,2014-04-28 12:26:09.151,3.028
AS14.24,2014-04-29 00:24:35.364,4.171
AS14.24,2014-04-29 11:26:34.352,1.003
AS14.24,2014-04-29 11:26:35.362,3.011
AS14.24,2014-04-29 11:26:53.423,2.007
AS14.24,2014-04-29 22:06:52.213,3.11
AS14.24,2014-04-29 22:40:49.328,4.013
AS14.24,2014-04-29 22:41:00.384,1.002
AS14.24,2014-04-30 12:02:16.453,5.106
AS14.24,2014-04-30 22:41:24.421,7.25
AS14.24,2014-05-07 10:13:51.036,3.015
AS14.24,2014-05-07 14:37:01.078,5.042
AS14.24,2014-05-07 15:12:12.476,1.003
AS14.24,2014-05-07 15:12:13.484,2.034
AS14.24,2014-05-07 15:12:27.983,3.01
AS14.24,2014-05-08 08:14:35.279,3.03
AS14.24,2014-05-09 16:48:48.438,1.003
AS14.24,2014-05-09 16:48:49.443,2.202
AS14.24,2014-05-10 20:49:03.226,3.085
AS14.24,2014-05-12 12:02:31.674,1.006
AS14.24,2014-05-12 12:02:32.691,2.032
AS14.24,2014-05-12 14:24:52.207,2.013
AS14.24,2014-05-12 16:04:19.042,3.006
AS14.24,2014-05-12 20:03:29.946,1.811
AS14.24,2014-05-12 20:10:19.053,3.021
AS14.24,2014-05-12 22:57:30.365,1.003
AS14.24,2014-05-12 22:57:31.369,2.054
AS14.24,2014-05-13 13:02:45.213,9.047
AS14.24,2014-05-13 14:42:37.303,13.063
AS14.24,2014-05-14 14:30:27.223,16.96
AS14.24,2014-05-14 14:31:14.000,3.006
AS14.24,2014-05-14 18:39:11.275,2.05
AS14.24,2014-05-14 18:39:22.377,0.444
AS14.24,2014-05-14 18:40:32.000,8.037
AS14.24,2014-05-16 23:59:35.519,5.029
AS14.24,2014-05-17 19:24:10.671,14.19
AS14.24,2014-05-17 21:02:29.404,4.012
AS14.24,2014-05-17 21:03:19.565,3.011
AS14.24,2014-05-21 12:06:13.857,1.003
AS14.24,2014-05-21 12:06:14.865,2.005
AS14.24,2014-05-21 12:07:30.293,1.001
AS14.24,2014-05-30 22:14:35.743,3.027
AS14.24,2014-05-30 23:01:21.473,2.012
AS14.24,2014-06-02 13:56:59.661,1.032
AS14.24,2014-06-02 13:57:00.703,2.006
AS14.24,2014-06-02 16:49:55.467,1.007
AS14.24,2014-06-02 16:49:56.480,29.128
AS14.24,2014-06-03 09:30:20.301,3.14
AS14.24,2014-06-03 09:38:09.551,2.007
AS14.24,2014-06-03 16:38:41.006,1.476
AS14.24,2014-06-03 16:38:43.482,3.046
AS14.24,2014-06-03 20:44:31.911,3.012
AS14.24,2014-06-06 10:37:20.779,2.072
AS14.25,2014-04-09 20:36:06.230,4.123
AS14.26,2014-04-20 10:15:41.384,23.082
AS14.26,2014-04-21 18:34:41.447,22.112
AS14.26,2014-04-28 19:31:38.872,26.402
AS14.26,2014-05-09 14:54:55.812,30.225
AS14.26,2014-05-12 15:48:02.936,24.091
AS14.26,2014-05-15 18:42:49.634,24.071
AS14.26,2014-05-16 23:06:35.295,24.199
AS14.26,2014-05-18 18:36:58.596,26.175
AS14.26,2014-05-22 21:58:59.700,24.179
AS14.26,2014-05-24 18:09:23.131,23.201
AS14.26,2014-05-27 09:39:45.111,27.128
AS14.27,2014-04-05 23:15:06.674,19.125
AS14.27,2014-04-10 23:04:22.480,1.004
AS14.27,2014-04-25 20:42:06.845,1.003
AS14.28,2014-03-31 18:13:43.424,3.045
AS14.28,2014-03-31 18:23:11.141,3.132
AS14.28,2014-04-02 12:25:23.950,47.299
AS14.28,2014-04-02 12:27:26.226,15.058
AS14.28,2014-04-02 12:28:24.302,10.046
AS14.28,2014-04-02 12:28:46.403,10.135
AS14.28,2014-04-02 12:28:58.559,7.059
AS14.28,2014-04-02 12:29:39.561,7.025
AS14.28,2014-04-02 12:33:09.694,12.046
AS14.28,2014-04-02 12:37:12.813,22.09
AS14.28,2014-04-02 13:00:31.384,10.142
AS14.28,2014-04-02 13:03:18.160,11.033
AS14.28,2014-04-02 13:03:41.255,16.786
AS14.28,2014-04-02 13:16:05.269,32.484
AS14.28,2014-04-02 13:19:12.417,35.384
AS14.28,2014-04-02 13:24:29.423,5.862
AS14.28,2014-04-02 13:26:22.375,13.04
AS14.28,2014-04-02 13:37:12.473,8.028
AS14.28,2014-04-02 13:39:48.487,6.019
AS14.28,2014-04-02 13:43:20.461,11.078
AS14.28,2014-04-02 15:26:05.532,13.138
AS14.28,2014-04-02 15:34:04.230,8.026
AS14.28,2014-04-02 15:53:51.772,15.133
AS14.28,2014-04-02 15:55:54.216,9.031
AS14.28,2014-04-02 15:56:04.260,7.022
AS14.28,2014-04-02 16:03:13.105,6.018
AS14.28,2014-04-02 16:20:28.723,22.247
AS14.28,2014-04-02 16:21:22.461,9.194
AS14.28,2014-04-02 16:28:39.871,9.028
AS14.28,2014-04-02 16:28:49.921,7.027
AS14.28,2014-04-02 16:35:42.542,7.02
AS14.28,2014-04-02 16:45:34.756,34.818
AS14.28,2014-04-02 16:46:54.742,14.497
AS14.28,2014-04-02 16:47:33.548,10.115
AS14.28,2014-04-02 17:02:53.388,25.095
AS14.28,2014-04-02 17:03:36.428,33.595
AS14.28,2014-04-02 17:05:52.457,1.978
AS14.28,2014-04-02 17:17:55.861,9.702
AS14.28,2014-04-02 17:19:18.276,9.551
AS14.28,2014-04-02 17:55:18.339,4.069
AS14.28,2014-04-02 17:55:32.471,4.277
AS14.28,2014-04-02 19:23:03.651,15.417
AS14.28,2014-04-02 19:24:10.798,9.07
AS14.28,2014-04-02 21:16:45.563,15.066
AS14.28,2014-04-04 17:22:28.194,19.063
AS14.28,2014-04-04 17:23:32.249,6.021
AS14.28,2014-04-04 17:24:24.309,10.031
AS14.28,2014-04-04 17:24:55.563,13.054
AS14.28,2014-04-04 17:26:06.032,6.049
AS14.28,2014-04-04 17:31:09.499,5.021
AS14.28,2014-04-04 17:37:28.348,21.079
AS14.28,2014-04-04 17:39:16.164,28.205
AS14.28,2014-04-04 17:56:04.588,19.042
AS14.28,2014-04-04 18:00:14.582,6.069
AS14.28,2014-04-04 18:00:29.960,2.015
AS14.28,2014-04-04 18:10:44.507,7.087
AS14.28,2014-04-04 18:52:04.719,6.047
AS14.28,2014-04-04 19:45:41.645,15.141
AS14.28,2014-04-05 10:20:56.584,16.335
AS14.28,2014-04-05 10:21:21.019,13.042
AS14.28,2014-04-05 10:29:02.503,5.016
AS14.28,2014-04-05 10:43:22.736,8.029
AS14.28,2014-04-05 10:47:16.599,19.937
AS14.28,2014-04-05 10:49:50.188,11.161
AS14.28,2014-04-05 11:26:39.375,8.288
AS14.28,2014-04-05 11:26:57.710,9.055
AS14.28,2014-04-05 12:58:31.858,22.482
AS14.28,2014-04-05 12:58:56.073,14.254
AS14.28,2014-04-05 13:03:27.397,18.119
AS14.28,2014-04-05 13:03:51.561,14.878
AS14.28,2014-04-05 13:07:00.469,34.864
AS14.28,2014-04-05 13:12:31.513,35.102
AS14.28,2014-04-05 13:47:22.645,4.202
AS14.28,2014-04-05 14:22:45.924,9.05
AS14.28,2014-04-05 15:39:47.920,6.02
AS14.28,2014-04-05 15:44:56.845,22.083
AS14.28,2014-04-05 15:59:33.661,22.494
AS14.28,2014-04-05 16:00:25.482,7.029
AS14.28,2014-04-05 16:02:06.664,24.244
AS14.28,2014-04-05 16:11:15.607,25.763
AS14.28,2014-04-05 16:13:05.048,3.014
AS14.28,2014-04-05 16:29:34.661,14.041
AS14.28,2014-04-05 16:30:17.750,8.187
AS14.28,2014-04-05 16:30:36.003,20.906
AS14.28,2014-04-05 16:35:05.430,1.027
AS14.28,2014-04-05 16:42:04.358,7.033
AS14.28,2014-04-05 16:42:21.454,7.035
AS14.28,2014-04-05 16:42:31.519,6.02
AS14.28,2014-04-05 17:23:37.474,12.11
AS14.28,2014-04-05 17:24:23.355,21.089
AS14.28,2014-04-05 17:25:43.323,10.065
AS14.28,2014-04-05 17:33:28.569,10.039
AS14.28,2014-04-05 17:35:14.292,19.314
AS14.28,2014-04-05 17:37:47.678,3.013
AS14.28,2014-04-05 18:01:16.368,21.866
AS14.28,2014-04-05 18:10:27.585,23.879
AS14.28,2014-04-05 18:23:58.526,5.055
AS14.28,2014-04-09 17:25:35.523,6.101
AS14.28,2014-04-10 22:17:06.855,3.012
AS14.28,2014-04-11 12:03:54.483,4.048
AS14.28,2014-04-11 15:31:53.065,1.848
AS14.28,2014-04-11 15:32:01.447,7.028
AS14.28,2014-04-12 15:27:20.194,8.04
AS14.28,2014-04-12 15:27:47.089,8.028
AS14.28,2014-04-12 15:28:24.584,52.15
AS14.28,2014-04-12 15:29:38.456,66.294
AS14.28,2014-04-12 15:32:55.352,5.073
AS14.28,2014-04-12 15:53:59.085,61.691
AS14.28,2014-04-12 15:58:00.223,14.091
AS14.28,2014-04-12 16:02:05.759,16.057
AS14.28,2014-04-12 16:08:55.058,11.097
AS14.28,2014-04-12 16:59:39.233,25.148
AS14.28,2014-04-12 17:00:05.401,8.025
AS14.28,2014-04-12 17:02:46.283,23.072
AS14.28,2014-04-12 17:03:39.009,8.053
AS14.28,2014-04-12 17:06:27.529,19.216
AS14.28,2014-04-12 17:06:46.750,589.807
AS14.28,2014-04-12 17:23:44.450,7.028
AS14.28,2014-04-12 17:30:58.299,11.274
AS14.28,2014-04-12 17:36:11.226,22.277
AS14.28,2014-04-12 17:37:54.119,4.016
AS14.28,2014-04-13 12:51:09.869,12.049
AS14.28,2014-04-13 13:11:12.630,8.098
AS14.28,2014-04-13 13:12:05.657,5.017
AS14.28,2014-04-13 13:38:49.398,8.235
AS14.28,2014-04-13 15:12:39.127,29.137
AS14.28,2014-04-13 15:21:40.553,7.02
AS14.28,2014-04-13 15:36:44.522,27.663
AS14.28,2014-04-13 15:39:33.575,19.058
AS14.28,2014-04-13 15:45:27.664,8.026
AS14.28,2014-04-13 15:45:45.766,7.023
AS14.28,2014-04-13 16:03:40.789,12.047
AS14.28,2014-04-13 19:30:17.206,10.156
AS14.28,2014-04-14 14:27:42.586,5.8
AS14.28,2014-04-14 14:29:01.190,17.8
AS14.28,2014-04-14 14:29:20.207,5.579
AS14.28,2014-04-14 14:29:31.390,9.916
AS14.28,2014-04-14 14:31:09.516,9.486
AS14.28,2014-04-14 14:31:19.005,201.974
AS14.28,2014-04-14 14:53:30.272,7.021
AS14.28,2014-04-14 16:29:07.542,4.389
AS14.28,2014-04-14 17:13:36.427,22.679
AS14.28,2014-04-14 17:16:38.332,24.043
AS14.28,2014-04-14 17:17:05.311,19.172
AS14.28,2014-04-15 15:35:44.092,2.097
AS14.28,2014-04-18 09:53:38.058,23.719
AS14.28,2014-04-18 09:57:41.648,26.562
AS14.28,2014-04-18 09:58:32.295,25.021
AS14.28,2014-04-18 09:59:06.490,30.899
AS14.28,2014-04-18 10:01:45.134,41.646
AS14.28,2014-04-18 10:02:53.121,27.165
AS14.28,2014-04-18 10:04:39.332,6.02
AS14.28,2014-04-18 10:04:46.371,19.169
AS14.28,2014-04-18 10:05:52.052,18.326
AS14.28,2014-04-18 10:13:27.332,34.13
AS14.28,2014-04-18 10:29:05.796,8.187
AS14.28,2014-04-18 10:32:12.387,8.034
AS14.28,2014-04-18 10:33:33.434,9.033
AS14.28,2014-04-18 10:36:21.530,22.811
AS14.28,2014-04-18 10:36:59.283,19.634
AS14.28,2014-04-18 10:42:06.168,9.796
AS14.28,2014-04-18 10:45:37.275,26.062
AS14.28,2014-04-18 10:46:16.211,36.123
AS14.28,2014-04-18 10:48:04.539,21.884
AS14.28,2014-04-18 10:49:19.308,9.59
AS14.28,2014-04-18 10:51:20.578,21.179
AS14.28,2014-04-18 10:59:24.857,25.268
AS14.28,2014-04-18 11:00:02.469,43.694
AS14.28,2014-04-18 11:01:01.259,21.978
AS14.28,2014-04-18 11:01:55.575,23.504
AS14.28,2014-04-18 11:03:18.910,33.783
AS14.28,2014-04-18 11:04:38.930,12.089
AS14.28,2014-04-18 11:05:36.628,19.544
AS14.28,2014-04-18 11:09:57.782,3.138
AS14.28,2014-04-18 12:14:06.707,68.275
AS14.28,2014-04-18 12:15:25.017,15.775
AS14.28,2014-04-18 12:17:32.611,89.499
AS14.28,2014-04-18 12:19:51.602,49.076
AS14.28,2014-04-18 12:23:54.219,86.373
AS14.28,2014-04-18 12:26:35.562,18.94
AS14.28,2014-04-18 12:29:23.375,6.138
AS14.28,2014-04-18 15:03:00.329,21.519
AS14.28,2014-04-18 15:04:23.355,4.02
AS14.28,2014-04-18 15:12:43.381,28.536
AS14.28,2014-04-18 15:18:32.145,4.024
AS14.28,2014-04-18 15:28:52.180,21.515
AS14.28,2014-04-18 15:29:25.082,10.06
AS14.28,2014-04-18 15:32:40.068,21.368
AS14.28,2014-04-18 15:36:44.834,26.783
AS14.28,2014-04-18 15:37:32.082,4.081
AS14.28,2014-04-18 15:45:13.634,36.878
AS14.28,2014-04-18 15:50:59.581,6.017
AS14.28,2014-04-18 19:49:55.700,13.506
AS14.28,2014-04-18 20:04:13.415,12.053
AS14.28,2014-04-18 20:04:58.483,7.026
AS14.28,2014-04-18 20:09:02.473,25.218
AS14.28,2014-04-18 20:11:08.648,10.043
AS14.28,2014-04-18 20:17:47.628,9.035
AS14.28,2014-04-18 20:17:58.674,14.593
AS14.28,2014-04-18 20:21:36.588,10.052
AS14.28,2014-04-18 20:22:15.545,23.674
AS14.28,2014-04-18 20:23:04.144,26.024
AS14.28,2014-04-18 20:27:36.579,6.025
AS14.28,2014-04-19 11:12:44.283,12.358
AS14.28,2014-04-19 11:17:03.431,22.924
AS14.28,2014-04-19 11:20:04.540,14.059
AS14.28,2014-04-19 11:21:41.125,9.038
AS14.28,2014-04-19 11:21:51.176,5.023
AS14.28,2014-04-19 11:24:21.460,61.365
AS14.28,2014-04-19 11:25:56.240,11.161
AS14.28,2014-04-19 11:30:20.299,64.991
AS14.28,2014-04-19 11:31:41.693,23.572
AS14.28,2014-04-19 11:32:16.233,24.07
AS14.28,2014-04-19 11:33:08.513,26.299
AS14.28,2014-04-19 11:35:15.045,16.074
AS14.28,2014-04-19 11:37:00.170,80.483
AS14.28,2014-04-19 11:42:04.684,33.678
AS14.28,2014-04-19 11:43:32.316,57.283
AS14.28,2014-04-19 11:50:38.765,5.021
AS14.28,2014-04-19 11:53:49.732,22.171
AS14.28,2014-04-19 11:56:16.216,24.982
AS14.28,2014-04-19 12:08:25.028,3.202
AS14.28,2014-04-19 12:51:16.013,9.031
AS14.28,2014-04-19 12:53:19.174,8.028
AS14.28,2014-04-19 13:04:23.299,16.209
AS14.28,2014-04-19 13:08:25.002,28.953
AS14.28,2014-04-19 13:09:03.565,21.31
AS14.28,2014-04-19 13:11:04.180,7.872
AS14.28,2014-04-19 13:11:46.263,22.326
AS14.28,2014-04-19 13:12:54.946,53.281
AS14.28,2014-04-19 13:14:14.173,31.801
AS14.28,2014-04-19 13:15:20.052,24.498
AS14.28,2014-04-19 13:16:39.089,24.337
AS14.28,2014-04-19 13:17:09.240,34.464
AS14.28,2014-04-19 13:21:25.221,34.394
AS14.28,2014-04-19 13:22:03.762,15.042
AS14.28,2014-04-19 13:23:58.101,22.029
AS14.28,2014-04-19 13:31:59.158,4.175
AS14.28,2014-04-19 15:24:12.144,42.568
AS14.28,2014-04-19 15:25:25.276,30.275
AS14.28,2014-04-19 15:27:15.076,22.338
AS14.28,2014-04-19 15:32:27.367,24.293
AS14.28,2014-04-19 15:47:50.559,10.018
AS14.28,2014-04-19 17:19:52.931,4.462
AS14.28,2014-04-19 19:49:37.605,15.073
AS14.28,2014-04-19 19:52:18.095,22.321
AS14.28,2014-04-19 19:54:38.036,23.042
AS14.28,2014-04-19 19:56:22.023,29.676
AS14.28,2014-04-19 19:57:42.062,27.529
AS14.28,2014-04-19 20:00:50.045,30.933
AS14.28,2014-04-19 20:12:32.417,4.05
AS14.28,2014-04-20 10:03:20.118,48.17
AS14.28,2014-04-20 10:04:54.555,27.563
AS14.28,2014-04-20 10:07:06.348,24.984
AS14.28,2014-04-20 10:14:03.716,10.079
AS14.28,2014-04-20 10:15:58.499,38.378
AS14.28,2014-04-20 10:17:05.411,27.015
AS14.28,2014-04-20 10:19:21.763,9.717
AS14.28,2014-04-20 10:20:50.367,21.868
AS14.28,2014-04-20 10:24:39.173,9.108
AS14.28,2014-04-20 10:30:04.651,4.013
AS14.28,2014-04-20 11:04:08.907,20.816
AS14.28,2014-04-20 11:04:34.209,24.036
AS14.28,2014-04-20 11:06:47.565,24.04
AS14.28,2014-04-20 11:07:14.440,34.999
AS14.28,2014-04-20 11:11:27.467,24.826
AS14.28,2014-04-20 11:11:58.200,13.876
AS14.28,2014-04-20 11:17:17.762,12.662
AS14.28,2014-04-20 11:44:28.526,4.035
AS14.28,2014-04-20 11:47:50.875,51.493
AS14.28,2014-04-20 11:48:43.924,18.952
AS14.28,2014-04-20 11:52:04.071,21.988
AS14.28,2014-04-20 11:52:36.596,11.321
AS14.28,2014-04-20 11:53:16.194,23.105
AS14.28,2014-04-20 11:54:44.734,21.384
AS14.28,2014-04-20 11:56:03.579,35.197
AS14.28,2014-04-20 11:56:57.164,11.915
AS14.28,2014-04-20 12:02:19.424,22.082
AS14.28,2014-04-20 12:03:05.259,21.67
AS14.28,2014-04-20 12:04:38.927,15.222
AS14.28,2014-04-20 18:22:48.180,40.094
AS14.28,2014-04-20 18:23:30.029,22.807
AS14.28,2014-04-20 18:24:00.954,16.126
AS14.28,2014-04-20 18:25:34.638,38.87
AS14.28,2014-04-20 18:29:19.467,24.415
AS14.28,2014-04-20 18:42:03.128,5.044
AS14.28,2014-04-21 08:56:33.444,32.633
AS14.28,2014-04-21 08:58:58.509,16.076
AS14.28,2014-04-21 09:10:10.812,22.782
AS14.28,2014-04-21 09:12:52.549,5.091
AS14.28,2014-04-21 09:20:15.335,9.039
AS14.28,2014-04-21 09:33:00.841,26.678
AS14.28,2014-04-21 09:40:23.502,3.063
AS14.28,2014-04-21 10:06:32.471,7.033
AS14.28,2014-04-21 10:09:15.164,35.373
AS14.28,2014-04-21 10:11:48.665,9.47
AS14.28,2014-04-21 10:11:58.137,25.327
AS14.28,2014-04-21 10:13:10.035,15.547
AS14.28,2014-04-21 10:13:33.197,18.028
AS14.28,2014-04-21 10:31:19.397,4.102
AS14.28,2014-04-21 10:42:44.119,23.236
AS14.28,2014-04-21 10:45:34.757,3.01
AS14.28,2014-04-22 10:53:40.635,14.319
AS14.28,2014-04-22 10:54:16.453,6.018
AS14.28,2014-04-24 10:15:14.730,9.044
AS14.28,2014-04-24 10:16:39.660,53.56
AS14.28,2014-04-24 10:18:30.898,34.353
AS14.28,2014-04-24 10:19:31.752,3.059
AS14.28,2014-04-24 10:22:51.585,82.824
AS14.28,2014-04-24 10:24:19.377,21.037
AS14.28,2014-04-24 10:25:42.525,54.366
AS14.28,2014-04-24 10:27:04.496,19.363
AS14.28,2014-04-24 10:27:28.463,49.957
AS14.28,2014-04-24 10:28:51.135,35.915
AS14.28,2014-04-24 10:30:01.345,33.211
AS14.28,2014-04-24 10:30:40.493,22.456
AS14.28,2014-04-24 10:31:19.581,21.824
AS14.28,2014-04-24 10:33:04.562,9.028
AS14.28,2014-04-24 10:34:52.482,20.949
AS14.28,2014-04-24 10:43:42.519,9.829
AS14.28,2014-04-24 10:56:08.492,8.028
AS14.28,2014-04-24 10:58:15.375,34.581
AS14.28,2014-04-24 10:59:11.385,16.368
AS14.28,2014-04-24 11:05:09.535,22.177
AS14.28,2014-04-24 11:06:52.209,35.771
AS14.28,2014-04-24 11:08:32.092,23.244
AS14.28,2014-04-24 11:09:22.234,20.042
AS14.28,2014-04-24 11:11:56.512,31.745
AS14.28,2014-04-24 11:14:29.793,9.04
AS14.28,2014-04-24 11:52:02.496,18.084
AS14.28,2014-04-24 11:52:34.361,20.622
AS14.28,2014-04-24 11:55:20.503,35.468
AS14.28,2014-04-24 11:59:38.937,22.1
AS14.28,2014-04-24 12:04:49.582,67.83
AS14.28,2014-04-24 12:07:34.293,32.304
AS14.28,2014-04-24 12:08:18.423,34.453
AS14.28,2014-04-24 12:09:00.266,46.979
AS14.28,2014-04-24 12:10:17.579,4.055
AS14.28,2014-04-24 12:10:47.872,53.092
AS14.28,2014-04-24 12:16:38.734,3.045
AS14.28,2014-04-24 12:16:52.980,2.207
AS14.28,2014-04-24 12:21:31.459,19.413
AS14.28,2014-04-24 12:21:54.296,18.93
AS14.28,2014-04-24 12:22:37.351,32.017
AS14.28,2014-04-24 12:26:51.380,4.032
AS14.28,2014-04-24 12:30:52.759,18.04
AS14.28,2014-04-24 12:31:43.647,22.383
AS14.28,2014-04-24 12:34:26.490,20.175
AS14.28,2014-04-24 12:34:53.881,32.157
AS14.28,2014-04-24 12:36:23.385,23.598
AS14.28,2014-04-24 12:37:10.144,20.312
AS14.28,2014-04-24 12:46:47.127,2.252
AS14.28,2014-04-24 12:56:01.680,9.598
AS14.28,2014-04-24 13:08:44.563,9.041
AS14.28,2014-04-24 14:37:44.128,22.004
AS14.28,2014-04-24 15:02:09.573,4.304
AS14.28,2014-04-24 15:24:34.316,23.454
AS14.28,2014-04-24 15:26:04.407,16.615
AS14.28,2014-04-24 15:27:29.342,21.141
AS14.28,2014-04-24 15:44:39.997,52.676
AS14.28,2014-04-24 15:50:11.496,27.805
AS14.28,2014-04-24 15:57:21.565,22.737
AS14.28,2014-04-24 16:13:23.477,9.62
AS14.28,2014-04-24 16:17:05.553,20.455
AS14.28,2014-04-24 16:17:49.980,24.123
AS14.28,2014-04-24 16:18:24.017,11.06
AS14.28,2014-04-24 16:21:44.480,17.928
AS14.28,2014-04-24 16:23:43.348,5.078
AS14.28,2014-04-24 16:30:50.197,26.52
AS14.28,2014-04-24 16:35:23.914,5.019
AS14.28,2014-04-24 16:40:02.545,10.054
AS14.28,2014-04-24 16:40:14.615,13.344
AS14.28,2014-04-24 16:43:00.625,28.595
AS14.28,2014-04-24 16:44:30.026,33.513
AS14.28,2014-04-24 16:46:48.250,21.016
AS14.28,2014-04-24 16:47:14.512,19.828
AS14.28,2014-04-24 16:50:46.413,37.425
AS14.28,2014-04-24 16:52:05.306,25.203
AS14.28,2014-04-24 16:52:58.403,21.633
AS14.28,2014-04-24 16:56:54.437,20.978
AS14.28,2014-04-24 17:03:20.500,4.032
AS14.28,2014-04-25 18:38:36.698,10.033
AS14.28,2014-04-27 12:23:03.052,8.143
AS14.28,2014-04-27 12:24:54.884,8.025
AS14.28,2014-04-27 12:45:56.362,4.042
AS14.28,2014-04-27 12:49:27.680,6.023
AS14.28,2014-04-27 12:53:46.499,29.087
AS14.28,2014-04-27 12:57:38.532,37.14
AS14.28,2014-04-27 13:00:25.638,9.036
AS14.28,2014-04-27 13:04:10.434,31.105
AS14.28,2014-04-27 13:29:58.509,15.276
AS14.28,2014-04-27 13:31:49.335,13.23
AS14.28,2014-04-27 13:32:38.677,17.064
AS14.28,2014-04-27 13:35:45.434,12.184
AS14.28,2014-04-27 13:36:55.775,37.35
AS14.28,2014-04-27 13:39:12.515,9.173
AS14.28,2014-04-28 11:55:56.278,7.022
AS14.28,2014-04-30 22:13:23.674,12.065
AS14.28,2014-05-02 08:05:59.796,5.405
AS14.28,2014-05-02 22:30:33.782,20.374
AS14.28,2014-05-03 09:48:32.099,10.19
AS14.28,2014-05-03 10:00:36.763,14.465
AS14.28,2014-05-03 10:01:04.056,6.046
AS14.28,2014-05-03 10:01:44.858,11.04
AS14.28,2014-05-03 10:02:41.053,22.158
AS14.28,2014-05-03 10:03:23.049,24.117
AS14.28,2014-05-03 10:06:53.460,10.026
AS14.28,2014-05-03 10:12:21.549,18.521
AS14.28,2014-05-03 10:18:02.142,3.213
AS14.28,2014-05-03 10:43:38.499,25.191
AS14.28,2014-05-03 10:54:47.321,3.05
AS14.28,2014-05-03 11:00:24.993,21.635
AS14.28,2014-05-03 11:04:56.605,3.026
AS14.28,2014-05-03 16:04:16.548,29.232
AS14.28,2014-05-03 16:20:03.404,8.038
AS14.28,2014-05-03 16:52:29.931,8.033
AS14.28,2014-05-04 10:35:18.184,19.085
AS14.28,2014-05-04 10:35:48.325,19.5
AS14.28,2014-05-04 10:36:09.178,19.481
AS14.28,2014-05-04 10:36:46.364,11.046
AS14.28,2014-05-04 10:47:14.345,8.025
AS14.28,2014-05-04 10:59:41.382,64.852
AS14.28,2014-05-04 11:02:42.950,11.091
AS14.28,2014-05-04 11:26:59.368,76.439
AS14.28,2014-05-04 11:30:11.664,28.527
AS14.28,2014-05-04 11:32:18.687,36.967
AS14.28,2014-05-04 11:40:10.884,12.039
AS14.28,2014-05-04 11:46:46.752,31.825
AS14.28,2014-05-04 11:50:29.499,10.015
AS14.28,2014-05-04 11:51:45.023,5.073
AS14.28,2014-05-04 13:38:00.977,36.139
AS14.28,2014-05-04 13:39:57.016,9.224
AS14.28,2014-05-04 13:44:16.526,22.237
AS14.28,2014-05-04 13:46:59.426,21.49
AS14.28,2014-05-04 13:48:13.424,10.558
AS14.28,2014-05-04 13:55:19.233,8.035
AS14.28,2014-05-04 13:57:04.384,10.031
AS14.28,2014-05-04 14:01:30.532,27.68
AS14.28,2014-05-04 14:05:04.546,13.255
AS14.28,2014-05-04 14:20:19.259,4.021
AS14.28,2014-05-04 14:57:27.111,9.279
AS14.28,2014-05-04 15:05:31.372,21.57
AS14.28,2014-05-04 15:12:36.368,15.058
AS14.28,2014-05-04 15:16:32.046,9.028
AS14.28,2014-05-04 15:19:24.595,12.038
AS14.28,2014-05-04 15:20:55.125,6.026
AS14.28,2014-05-04 15:28:27.288,21.877
AS14.28,2014-05-04 15:32:07.150,8.06
AS14.28,2014-05-04 15:33:30.075,23.639
AS14.28,2014-05-04 15:34:27.848,20.432
AS14.28,2014-05-04 15:35:29.186,24.835
AS14.28,2014-05-04 15:36:36.148,26.289
AS14.28,2014-05-04 15:39:51.115,46.057
AS14.28,2014-05-04 15:40:39.201,34.028
AS14.28,2014-05-04 15:44:29.244,26.145
AS14.28,2014-05-04 15:58:12.976,24.42
AS14.28,2014-05-04 16:00:26.582,10.13
AS14.28,2014-05-04 16:03:29.996,10.283
AS14.28,2014-05-04 16:05:28.190,12.049
AS14.28,2014-05-04 16:06:23.970,22.407
AS14.28,2014-05-04 16:09:29.421,40.62
AS14.28,2014-05-04 16:10:23.036,16.909
AS14.28,2014-05-04 16:14:33.039,10.046
AS14.28,2014-05-04 16:15:29.331,23.785
AS14.28,2014-05-04 16:18:19.095,2.234
AS14.28,2014-05-04 16:18:48.058,9.776
AS14.28,2014-05-04 17:20:29.188,4.059
AS14.28,2014-05-04 18:08:05.913,11.025
AS14.28,2014-05-04 18:08:17.950,8.094
AS14.28,2014-05-04 18:22:04.138,7.022
AS14.28,2014-05-04 18:33:36.273,14.071
AS14.28,2014-05-05 15:22:54.819,7.063
AS14.28,2014-05-05 15:23:25.941,29.447
AS14.28,2014-05-05 15:24:26.009,24.215
AS14.28,2014-05-05 15:31:17.223,43.905
AS14.28,2014-05-05 15:33:39.351,13.069
AS14.28,2014-05-05 15:36:50.674,35.152
AS14.28,2014-05-05 15:40:52.732,22.95
AS14.28,2014-05-05 15:43:08.354,20.973
AS14.28,2014-05-05 15:43:35.082,14.752
AS14.28,2014-05-05 15:44:55.624,26.747
AS14.28,2014-05-05 15:45:44.697,23.719
AS14.28,2014-05-05 15:46:50.628,25.338
AS14.28,2014-05-05 15:48:44.035,39.883
AS14.28,2014-05-05 15:50:47.522,32.788
AS14.28,2014-05-05 15:53:38.094,25.791
AS14.28,2014-05-05 15:54:53.378,33.125
AS14.28,2014-05-05 15:55:36.686,20.949
AS14.28,2014-05-05 15:57:05.358,3.024
AS14.28,2014-05-05 17:26:49.838,11.146
AS14.28,2014-05-06 22:39:38.542,66.22
AS14.29,2014-04-02 15:23:04.644,1.005
AS14.29,2014-04-02 15:23:05.651,1.036
AS14.29,2014-04-02 15:23:06.687,12.085
AS14.29,2014-04-06 21:32:25.713,1.004
AS14.29,2014-04-06 21:32:26.719,3.023
AS14.29,2014-04-06 21:32:29.743,11.031
AS14.29,2014-04-09 22:36:40.427,1.002
AS14.29,2014-04-09 22:36:41.433,1.013
AS14.29,2014-04-11 21:53:36.051,1.021
AS14.29,2014-04-11 21:53:37.072,1.014
AS14.29,2014-04-11 21:53:38.088,2.006
AS14.29,2014-04-17 08:47:41.423,1.014
AS14.29,2014-04-17 08:47:42.440,1.002
AS14.29,2014-04-17 08:47:43.444,1.002
AS14.29,2014-04-18 20:25:16.280,1.003
AS14.29,2014-04-18 20:25:17.285,1.017
AS14.29,2014-04-18 20:25:18.302,2.011
AS14.29,2014-04-22 14:37:04.591,1.034
AS14.29,2014-04-22 14:37:05.628,1.036
AS14.29,2014-04-22 14:37:06.674,2.008
AS14.29,2014-04-22 14:38:10.882,1.002
AS14.29,2014-04-22 14:38:11.885,1.003
AS14.29,2014-04-22 14:38:12.890,2.004
AS14.29,2014-04-23 12:07:38.427,27.062
AS14.29,2014-04-25 12:25:57.434,1.042
AS14.29,2014-04-25 12:25:58.477,1.004
AS14.29,2014-04-25 12:25:59.483,1.014
AS14.29,2014-05-02 01:41:00.789,1.206
AS14.29,2014-05-02 01:41:02.036,1.093
AS14.29,2014-05-10 12:13:26.216,1.007
AS14.29,2014-05-10 12:13:27.226,2.087
AS14.29,2014-05-13 16:22:33.964,4.009
AS14.29,2014-05-13 16:22:41.036,24.211
AS14.30,2014-03-20 15:56:47.296,3.009
AS14.30,2014-03-20 17:44:12.453,7.024
AS14.30,2014-03-20 17:44:49.605,4.011
AS14.30,2014-03-20 23:38:53.039,13.096
AS14.30,2014-03-20 23:44:29.598,4.015
AS14.30,2014-03-21 09:38:24.634,2.005
AS14.30,2014-03-21 17:20:15.542,1.009
AS14.30,2014-03-21 18:39:50.594,34.016
AS14.30,2014-03-21 18:50:15.951,24.075
AS14.30,2014-03-21 18:51:36.473,1.008
AS14.30,2014-03-21 18:51:41.506,5.02
AS14.30,2014-03-21 20:30:18.148,2.015
AS14.30,2014-03-21 21:13:15.743,11.047
AS14.30,2014-03-21 21:19:08.434,7.02
AS14.30,2014-03-22 09:24:43.302,2.022
AS14.30,2014-03-22 17:17:43.009,9.039
AS14.30,2014-03-22 18:48:01.048,7.037
AS14.30,2014-03-22 18:51:07.138,7.03
AS14.30,2014-03-22 19:34:54.013,2.008
AS14.30,2014-03-22 19:53:40.891,7.028
AS14.30,2014-03-22 19:58:22.546,6.023
AS14.30,2014-03-22 20:51:50.217,8.032
AS14.30,2014-03-22 21:48:07.161,11.044
AS14.30,2014-03-22 21:48:35.282,4.025
AS14.30,2014-03-22 23:21:37.944,3.072
AS14.30,2014-03-22 23:22:46.387,4.019
AS14.30,2014-03-22 23:32:59.391,4.055
AS14.30,2014-03-23 12:24:59.706,3.1
AS14.30,2014-03-23 12:30:08.510,2.008
AS14.30,2014-03-23 12:43:21.647,13.062
AS14.30,2014-03-23 15:45:46.390,13.053
AS14.30,2014-03-23 15:50:23.309,12.049
AS14.30,2014-03-23 16:00:43.562,3.006
AS14.30,2014-03-23 19:32:05.154,4.023
AS14.30,2014-03-23 21:25:31.391,18.085
AS14.30,2014-03-23 21:40:17.901,5.017
AS14.30,2014-03-23 23:18:27.486,3.013
AS14.30,2014-03-24 09:13:17.867,2.004
AS14.30,2014-03-24 09:13:48.030,2.009
AS14.30,2014-03-24 09:14:08.198,2.007
AS14.30,2014-03-24 10:09:24.920,28.101
AS14.30,2014-03-24 10:17:12.436,4.043
AS14.30,2014-03-24 13:54:56.898,2.006
AS14.30,2014-03-24 14:42:25.482,2.005
AS14.30,2014-03-24 15:07:00.569,4.013
AS14.30,2014-03-24 16:29:38.286,5.017
AS14.30,2014-03-24 17:18:49.046,15.131
AS14.30,2014-03-24 17:26:32.842,6.022
AS14.30,2014-03-24 19:13:20.065,4.065
AS14.30,2014-03-24 21:53:05.266,3.016
AS14.30,2014-03-24 23:30:26.474,11.033
AS14.30,2014-03-24 23:32:15.079,4.023
AS14.30,2014-03-25 09:28:37.507,3.034
AS14.30,2014-03-25 11:41:53.078,3.011
AS14.30,2014-03-25 12:04:25.637,3.01
AS14.30,2014-03-25 12:47:43.000,3.024
AS14.30,2014-03-25 12:49:51.562,1.006
AS14.30,2014-03-25 14:28:47.934,3.013
AS14.30,2014-03-25 17:25:42.575,3.01
AS14.30,2014-03-25 18:21:45.207,8.044
AS14.30,2014-03-25 18:40:02.872,2.005
AS14.30,2014-03-25 19:25:22.936,21.079
AS14.30,2014-03-25 19:28:26.959,4.023
AS14.30,2014-03-25 19:33:02.667,1.016
AS14.30,2014-03-25 20:03:37.740,3.008
AS14.30,2014-03-26 09:29:59.980,3.057
AS14.30,2014-03-26 11:37:19.033,3.009
AS14.30,2014-03-26 12:51:09.354,8.03
AS14.30,2014-03-26 12:53:09.454,4.014
AS14.30,2014-03-26 12:56:20.540,2.008
AS14.30,2014-03-26 14:32:19.210,3.009
AS14.30,2014-03-26 16:28:01.477,3.012
AS14.30,2014-03-26 17:11:28.193,3.007
AS14.30,2014-03-26 20:44:25.213,19.056
AS14.30,2014-03-26 20:48:36.201,4.014
AS14.30,2014-03-26 21:06:44.362,2.011
AS14.30,2014-03-26 22:56:13.309,4.014
AS14.30,2014-03-27 08:35:16.197,3.103
AS14.30,2014-03-27 08:35:20.309,5.017
AS14.30,2014-03-27 09:52:22.875,3.008
AS14.30,2014-03-27 10:24:48.184,3.013
AS14.30,2014-03-27 10:32:38.436,3.033
AS14.30,2014-03-27 10:44:02.635,4.128
AS14.30,2014-03-27 10:59:24.923,2.02
AS14.30,2014-03-27 11:00:10.029,1.005
AS14.30,2014-03-27 11:03:28.539,9.47
AS14.30,2014-03-27 11:11:44.776,2.007
AS14.30,2014-03-27 11:26:39.819,1.005
AS14.30,2014-03-27 11:29:24.780,2.006
AS14.30,2014-03-27 12:34:33.881,11.082
AS14.30,2014-03-27 13:46:52.479,4.038
AS14.30,2014-03-27 14:29:16.323,3.011
AS14.30,2014-03-27 17:13:59.086,3.03
AS14.30,2014-03-27 17:19:49.993,5.032
AS14.30,2014-03-27 17:21:18.529,6.021
AS14.30,2014-03-27 18:28:08.711,4.032
AS14.30,2014-03-27 20:00:22.878,9.11
AS14.30,2014-03-27 20:02:12.624,3.68
AS14.30,2014-03-27 20:02:18.298,29.809
AS14.30,2014-03-27 20:09:17.871,30.677
AS14.30,2014-03-27 20:11:05.072,20.363
AS14.30,2014-03-27 22:06:53.928,12.094
AS14.30,2014-03-28 07:26:38.733,6.028
AS14.30,2014-03-28 10:05:55.960,3.023
AS14.30,2014-03-28 10:24:15.101,11.045
AS14.30,2014-03-28 11:22:56.234,4.078
AS14.30,2014-03-28 12:57:57.869,18.196
AS14.30,2014-03-28 12:58:53.288,4.013
AS14.30,2014-03-28 16:12:14.888,11.033
AS14.30,2014-03-28 21:44:10.796,7.023
AS14.30,2014-03-28 22:39:12.078,3.012
AS14.30,2014-03-29 10:31:26.331,3.008
AS14.30,2014-03-29 16:15:31.078,4.018
AS14.30,2014-03-29 16:33:30.986,3.011
AS14.30,2014-03-29 16:57:16.977,3.011
AS14.30,2014-03-29 17:06:36.823,9.037
AS14.30,2014-03-29 17:08:56.586,5.086
AS14.30,2014-03-29 17:23:07.253,5.031
AS14.30,2014-03-29 17:24:25.311,3.416
AS14.30,2014-03-29 17:29:41.586,2.078
AS14.30,2014-03-29 17:44:02.855,6.02
AS14.30,2014-03-29 20:25:42.984,3.013
AS14.30,2014-03-29 20:44:23.811,2.011
AS14.30,2014-03-29 23:57:24.950,10.057
AS14.30,2014-03-29 23:58:52.358,4.028
AS14.30,2014-03-30 10:18:11.806,3.017
AS14.30,2014-03-30 11:18:26.806,4.025
AS14.30,2014-03-30 22:29:39.851,10.119
AS14.30,2014-03-30 22:47:38.354,23.198
AS14.30,2014-03-30 22:49:16.917,6.02
AS14.30,2014-03-31 08:57:51.476,5.575
AS14.30,2014-03-31 13:45:42.530,13.049
AS14.30,2014-03-31 14:19:21.032,3.049
AS14.30,2014-03-31 14:19:37.154,1.006
AS14.30,2014-03-31 14:48:22.898,2.025
AS14.30,2014-03-31 15:31:55.959,1.002
AS14.30,2014-03-31 18:19:28.535,3.009
AS14.30,2014-03-31 20:46:32.822,4.02
AS14.30,2014-03-31 21:44:21.905,9.035
AS14.30,2014-04-01 06:55:14.473,9.369
AS14.30,2014-04-01 07:57:14.036,10.032
AS14.30,2014-04-01 10:11:28.809,5.022
AS14.30,2014-04-01 12:16:59.348,3.098
AS14.30,2014-04-01 20:06:11.783,2.005
AS14.30,2014-04-02 09:45:32.256,4.776
AS14.30,2014-04-02 10:34:25.446,3.009
AS14.30,2014-04-02 15:05:59.114,2.788
AS14.30,2014-04-02 16:24:22.424,3.008
AS14.30,2014-04-03 07:10:21.888,21.147
AS14.30,2014-04-03 07:16:54.888,5.019
AS14.30,2014-04-03 08:00:45.657,4.021
AS14.30,2014-04-03 13:07:16.957,3.017
AS14.30,2014-04-03 13:17:12.232,14.044
AS14.30,2014-04-03 16:06:53.476,5.032
AS14.30,2014-04-03 21:14:28.431,3.028
AS14.30,2014-04-04 07:08:44.500,3.014
AS14.30,2014-04-04 11:05:36.361,12.096
AS14.30,2014-04-04 11:06:53.786,3.011
AS14.30,2014-04-04 11:22:55.890,2.019
AS14.30,2014-04-04 12:18:06.522,2.009
AS14.30,2014-04-04 13:23:35.980,5.016
AS14.30,2014-04-04 17:23:10.809,3.01
AS14.30,2014-04-04 17:58:49.305,16.114
AS14.30,2014-04-04 18:08:52.384,7.588
AS14.30,2014-04-04 18:37:24.404,7.624
AS14.30,2014-04-04 19:32:52.753,3.015
AS14.30,2014-04-04 21:02:09.046,11.059
AS14.30,2014-04-04 21:03:17.388,11.044
AS14.30,2014-04-04 21:56:35.937,16.056
AS14.30,2014-04-04 21:57:36.174,3.017
AS14.30,2014-04-04 23:48:56.874,10.316
AS14.30,2014-04-04 23:49:23.312,6.028
AS14.30,2014-04-05 08:56:07.941,4.165
AS14.30,2014-04-05 09:27:32.339,4.033
AS14.30,2014-04-05 13:38:21.917,13.047
AS14.30,2014-04-05 13:53:34.038,2.022
AS14.30,2014-04-05 19:10:40.700,11.043
AS14.30,2014-04-05 21:16:10.892,4.02
AS14.30,2014-04-05 21:16:20.938,22.09
AS14.30,2014-04-05 21:24:06.259,8.029
AS14.30,2014-04-05 21:27:53.358,5.038
AS14.30,2014-04-06 10:48:47.342,2.013
AS14.30,2014-04-07 09:26:49.622,10.039
AS14.30,2014-04-07 11:30:42.578,2.008
AS14.30,2014-04-07 11:33:36.157,1.005
AS14.30,2014-04-07 14:35:34.165,3.054
AS14.30,2014-04-07 15:31:07.928,11.044
AS14.30,2014-04-07 15:33:10.670,5.026
AS14.30,2014-04-08 09:30:19.799,8.032
AS14.30,2014-04-08 11:51:41.775,48.343
AS14.30,2014-04-08 11:53:09.247,37.417
AS14.30,2014-04-08 13:29:41.793,2.004
AS14.30,2014-04-08 13:42:36.611,4.787
AS14.30,2014-04-08 15:31:03.979,4.071
AS14.30,2014-04-08 16:14:40.575,48.31
AS14.30,2014-04-08 17:57:00.372,4.031
AS14.30,2014-04-08 19:04:19.049,6.236
AS14.30,2014-04-08 19:45:46.112,8.053
AS14.30,2014-04-08 19:46:28.823,4.014
AS14.30,2014-04-09 09:09:08.200,2.005
AS14.30,2014-04-09 09:47:03.105,9.051
AS14.30,2014-04-09 09:48:08.505,4.013
AS14.30,2014-04-09 16:19:49.224,4.02
AS14.30,2014-04-09 16:43:04.573,3.024
AS14.30,2014-04-09 17:19:28.369,4.039
AS14.30,2014-04-09 17:26:42.413,3.011
AS14.30,2014-04-10 09:50:03.374,4.082
AS14.30,2014-04-10 10:00:46.591,5.016
AS14.30,2014-04-10 10:01:33.832,13.05
AS14.30,2014-04-10 10:10:15.476,7.022
AS14.30,2014-04-10 15:16:46.796,3.008
AS14.30,2014-04-10 16:37:37.644,2.027
AS14.30,2014-04-10 18:06:23.145,30.111
AS14.30,2014-04-10 18:07:39.174,4.016
AS14.30,2014-04-11 07:07:24.153,2.005
AS14.30,2014-04-11 07:08:23.424,1.002
AS14.30,2014-04-11 11:04:58.947,6.824
AS14.30,2014-04-11 11:41:11.009,4.022
AS14.30,2014-04-11 12:34:37.263,12.03
AS14.30,2014-04-11 12:36:08.915,10.042
AS14.30,2014-04-11 12:37:11.443,4.014
AS14.30,2014-04-11 14:08:18.063,17.077
AS14.30,2014-04-11 14:30:03.724,6.019
AS14.30,2014-04-11 16:46:16.721,2.011
AS14.30,2014-04-11 16:58:26.956,2.006
AS14.30,2014-04-11 17:29:55.700,3.011
AS14.30,2014-04-11 17:34:08.165,5.019
AS14.30,2014-04-11 18:18:52.053,9.107
AS14.30,2014-04-11 21:48:51.290,3.009
AS14.30,2014-04-11 23:11:55.914,2.01
AS14.30,2014-04-11 23:51:11.821,2.007
AS14.30,2014-04-12 10:09:15.894,4.028
AS14.30,2014-04-12 10:25:38.394,2.006
AS14.30,2014-04-12 16:02:24.936,2.011
AS14.30,2014-04-13 09:44:39.190,3.009
AS14.30,2014-04-13 10:07:24.140,10.03
AS14.30,2014-04-13 10:11:01.346,2.01
AS14.30,2014-04-13 10:11:39.007,3.03
AS14.30,2014-04-13 10:14:08.052,18.237
AS14.30,2014-04-13 22:09:57.075,8.092
AS14.30,2014-04-14 00:04:02.243,3.014
AS14.30,2014-04-14 09:14:37.065,3.038
AS14.30,2014-04-14 09:27:08.720,3.015
AS14.30,2014-04-14 13:33:31.809,4.019
AS14.30,2014-04-14 13:56:00.789,5.556
AS14.30,2014-04-14 14:28:39.430,3.013
AS14.30,2014-04-14 15:28:34.414,9.03
AS14.30,2014-04-14 15:34:42.677,6.018
AS14.30,2014-04-14 15:40:58.967,1.006
AS14.30,2014-04-14 16:34:11.187,2.008
AS14.30,2014-04-14 17:22:09.315,4.027
AS14.30,2014-04-14 17:32:47.733,6.036
AS14.30,2014-04-14 18:15:50.257,3.008
AS14.30,2014-04-14 21:14:00.621,3.012
AS14.30,2014-04-15 07:12:31.140,3.014
AS14.30,2014-04-15 08:19:35.141,3.017
AS14.30,2014-04-15 10:43:26.375,4.021
AS14.30,2014-04-15 11:41:05.048,11.038
AS14.30,2014-04-15 11:45:16.871,4.012
AS14.30,2014-04-15 12:05:30.510,4.011
AS14.30,2014-04-15 13:35:57.703,9.098
AS14.30,2014-04-15 14:47:01.793,7.048
AS14.30,2014-04-15 15:59:28.917,2.007
AS14.30,2014-04-15 23:20:00.016,5.815
AS14.30,2014-04-15 23:29:03.177,6.038
AS14.30,2014-04-16 10:07:14.315,4.016
AS14.30,2014-04-16 11:41:28.073,2.005
AS14.30,2014-04-16 13:33:14.918,4.015
AS14.30,2014-04-16 14:37:23.582,3.012
AS14.30,2014-04-16 17:38:36.028,9.102
AS14.30,2014-04-16 23:44:28.029,5.013
AS14.30,2014-04-17 08:40:20.408,3.008
AS14.30,2014-04-17 10:27:18.585,3.018
AS14.30,2014-04-17 15:24:34.326,3.01
AS14.30,2014-04-17 16:45:01.812,7.025
AS14.30,2014-04-17 16:46:46.401,3.027
AS14.30,2014-04-17 17:32:09.479,4.013
AS14.30,2014-04-17 20:49:51.345,4.026
AS14.30,2014-04-17 22:59:22.078,15.315
AS14.30,2014-04-17 23:05:59.589,3.097
AS14.30,2014-04-18 10:15:03.151,7.02
AS14.30,2014-04-18 10:18:29.532,3.018
AS14.30,2014-04-18 19:12:51.961,4.014
AS14.30,2014-04-19 13:08:02.365,14.069
AS14.30,2014-04-19 15:38:27.920,5.019
AS14.30,2014-04-19 17:52:21.628,10.041
AS14.30,2014-04-19 18:48:42.473,10.036
AS14.30,2014-04-19 18:52:01.773,5.013
AS14.30,2014-04-20 09:43:15.506,3.016
AS14.30,2014-04-20 09:51:39.394,8.031
AS14.30,2014-04-20 17:32:52.993,12.815
AS14.30,2014-04-20 17:38:42.621,6.019
AS14.30,2014-04-20 18:54:21.269,26.154
AS14.30,2014-04-20 20:32:30.023,3.01
AS14.30,2014-04-20 22:17:58.793,15.114
AS14.30,2014-04-20 22:19:50.506,5.025
AS14.30,2014-04-20 23:21:39.903,13.049
AS14.30,2014-04-20 23:36:43.619,18.19
AS14.30,2014-04-20 23:43:20.857,3.014
AS14.30,2014-04-21 15:01:02.279,10.044
AS14.30,2014-04-21 15:13:31.005,7.033
AS14.30,2014-04-21 15:16:02.924,13.054
AS14.30,2014-04-21 16:56:55.509,17.104
AS14.30,2014-04-21 17:03:07.427,5.018
AS14.30,2014-04-22 00:01:34.834,3.01
AS14.30,2014-04-22 00:02:09.088,2.021
AS14.30,2014-04-22 11:21:23.151,2.008
AS14.30,2014-04-22 13:27:00.628,14.058
AS14.30,2014-04-22 14:45:22.938,12.036
AS14.30,2014-04-22 14:46:06.520,4.015
AS14.30,2014-04-22 21:06:52.502,19.231
AS14.30,2014-04-22 21:09:26.482,9.023
AS14.30,2014-04-22 21:11:50.201,7.033
AS14.30,2014-04-22 23:36:59.369,2.777
AS14.30,2014-04-22 23:38:50.523,17.16
AS14.30,2014-04-22 23:41:21.312,4.012
AS14.30,2014-04-23 09:25:31.341,10.091
AS14.30,2014-04-23 09:27:29.127,3.021
AS14.30,2014-04-23 09:54:27.845,2.012
AS14.30,2014-04-23 09:55:10.101,18.076
AS14.30,2014-04-23 10:06:03.720,4.02
AS14.30,2014-04-24 09:51:05.880,3.01
AS14.30,2014-04-24 20:55:50.252,6.08
AS14.30,2014-04-25 14:52:24.931,2.009
AS14.30,2014-04-25 18:47:57.210,4.108
AS14.30,2014-04-25 18:51:02.273,1.002
AS14.30,2014-04-25 21:24:33.046,12.049
AS14.30,2014-04-25 21:26:27.653,4.016
AS14.30,2014-04-25 21:32:40.236,7.02
AS14.30,2014-04-25 21:34:37.128,4.024
AS14.30,2014-04-25 21:42:19.323,12.061
AS14.30,2014-04-25 21:44:12.198,19.067
AS14.30,2014-04-25 21:55:04.200,12.044
AS14.30,2014-04-27 09:46:12.838,11.082
AS14.30,2014-04-27 14:12:28.121,8.026
AS14.30,2014-04-28 11:10:01.293,3.012
AS14.30,2014-04-28 13:06:56.635,27.212
AS14.30,2014-04-28 13:07:34.933,4.03
AS14.30,2014-04-28 16:46:12.173,4.014
AS14.30,2014-04-28 17:49:08.891,4.018
AS14.30,2014-04-28 22:05:55.285,3.009
AS14.30,2014-04-29 07:14:58.934,3.052
AS14.30,2014-04-29 11:40:06.391,3.012
AS14.30,2014-04-29 18:18:33.888,3.017
AS14.30,2014-04-29 20:48:42.763,2.007
AS14.30,2014-04-29 20:53:50.713,4.019
AS14.30,2014-04-29 20:58:17.838,9.06
AS14.30,2014-04-29 22:03:21.621,24.097
AS14.30,2014-04-29 22:05:31.262,4.012
AS14.30,2014-04-29 22:12:10.635,16.063
AS14.30,2014-04-29 22:15:40.908,6.027
AS14.30,2014-04-29 22:50:41.640,3.023
AS14.30,2014-04-29 22:59:28.778,6.081
AS14.30,2014-04-29 23:13:31.726,5.017
AS14.30,2014-04-30 09:17:10.948,2.018
AS14.30,2014-04-30 10:21:38.121,2.007
AS14.30,2014-04-30 11:53:55.512,50.903
AS14.30,2014-04-30 11:56:53.667,18.22
AS14.30,2014-04-30 11:58:46.470,6.017
AS14.30,2014-04-30 14:13:46.002,2.005
AS14.30,2014-04-30 15:02:41.099,2.009
AS14.30,2014-04-30 15:38:53.813,10.044
AS14.30,2014-04-30 15:40:04.200,3.363
AS14.30,2014-04-30 15:59:47.698,4.019
AS14.30,2014-04-30 18:22:50.174,2.009
AS14.30,2014-05-01 10:58:41.839,3.022
AS14.30,2014-05-01 13:12:46.733,12.467
AS14.30,2014-05-01 13:15:52.114,4.011
AS14.30,2014-05-01 13:18:23.835,17.056
AS14.30,2014-05-01 13:20:27.500,7.021
AS14.30,2014-05-01 13:23:18.802,2.007
AS14.30,2014-05-01 17:37:53.872,2.006
AS14.30,2014-05-02 08:19:21.578,2.011
AS14.30,2014-05-02 11:40:47.213,3.011
AS14.30,2014-05-02 14:33:27.921,3.016
AS14.30,2014-05-02 18:43:27.515,20.064
AS14.30,2014-05-02 18:44:05.706,3.01
AS14.30,2014-05-02 19:24:49.076,3.008
AS14.30,2014-05-02 20:42:47.937,27.17
AS14.30,2014-05-02 21:04:21.569,12.056
AS14.30,2014-05-02 21:16:30.414,11.056
AS14.30,2014-05-02 22:25:10.312,16.081
AS14.30,2014-05-02 22:26:24.974,15.489
AS14.30,2014-05-02 22:40:09.898,8.026
AS14.30,2014-05-03 10:20:50.049,3.01
AS14.30,2014-05-03 10:25:09.430,6.023
AS14.31,2014-04-01 23:34:59.265,19.06
AS14.31,2014-04-01 23:58:01.726,5.033
AS14.31,2014-04-02 06:00:03.618,68.286
AS14.31,2014-04-02 06:01:24.960,63.439
AS14.31,2014-04-02 06:03:12.825,4.033
AS14.31,2014-04-02 09:51:09.641,2.005
AS14.31,2014-04-02 12:48:32.703,4.274
AS14.31,2014-04-03 00:14:38.023,18.103
AS14.31,2014-04-03 07:02:52.282,35.102
AS14.31,2014-04-03 07:03:44.793,5.021
AS14.31,2014-04-03 08:27:23.467,1.002
AS14.31,2014-04-03 20:54:36.601,1.002
AS14.31,2014-04-04 06:01:03.216,120.324
AS14.31,2014-04-04 06:16:32.290,69.576
AS14.31,2014-04-04 06:47:58.627,2.616
AS14.31,2014-04-04 07:02:01.444,14.931
AS14.31,2014-04-04 17:55:25.253,1.002
AS14.31,2014-04-05 01:31:53.940,21.085
AS14.31,2014-04-05 01:33:56.543,3.007
AS14.31,2014-04-05 08:05:35.407,38.115
AS14.31,2014-04-05 08:16:07.227,31.141
AS14.31,2014-04-05 12:42:15.688,31.172
AS14.31,2014-04-06 02:42:46.496,35.175
AS14.31,2014-04-06 02:44:02.003,2.027
AS14.31,2014-04-06 13:30:04.332,3.051
AS14.31,2014-04-08 06:15:10.565,103.298
AS14.31,2014-04-08 23:41:17.825,12.743
AS14.31,2014-04-08 23:41:33.842,1.829
AS14.31,2014-04-09 06:10:04.311,57.289
AS14.31,2014-04-09 06:13:00.473,6.04
AS14.31,2014-04-10 01:40:50.599,8.023
AS14.31,2014-04-10 06:10:03.546,336.171
AS14.31,2014-04-10 06:16:09.096,7.027
AS14.31,2014-04-10 14:32:27.335,12.146
AS14.31,2014-04-10 14:32:46.634,32.156
AS14.31,2014-04-10 14:35:57.588,2.006
AS14.31,2014-04-10 14:36:00.634,1.004
AS14.31,2014-04-11 03:38:14.753,24.594
AS14.31,2014-04-11 07:15:03.165,58.151
AS14.31,2014-04-11 07:25:03.776,837.686
AS14.31,2014-04-11 07:49:00.999,19.62
AS14.31,2014-04-11 07:55:27.707,3.114
AS14.31,2014-04-11 08:15:46.338,3.01
AS14.31,2014-04-13 03:57:16.227,32.38
AS14.31,2014-04-13 09:56:15.486,121.413
AS14.31,2014-04-13 23:17:29.085,51.17
AS14.31,2014-04-14 06:26:18.263,20.634
AS14.31,2014-04-15 00:06:27.153,7.055
AS14.31,2014-04-15 06:15:02.630,132.377
AS14.31,2014-04-15 06:17:19.023,6.403
AS14.31,2014-04-15 06:36:46.493,2.009
AS14.31,2014-04-15 22:36:59.950,9.427
AS14.31,2014-04-16 06:30:03.293,52.134
AS14.31,2014-04-16 06:34:41.842,62.974
AS14.31,2014-04-16 18:03:16.193,3.118
AS14.31,2014-04-16 23:37:33.732,25.246
AS14.31,2014-04-17 06:15:02.653,76.205
AS14.31,2014-04-17 06:16:22.946,17.382
AS14.31,2014-04-17 06:21:45.592,30.66
AS14.31,2014-04-17 06:37:04.125,1.799
AS14.31,2014-04-17 06:59:17.444,3.034
AS14.31,2014-04-18 01:11:46.992,7.021
AS14.31,2014-04-18 15:51:14.944,1.02
AS14.31,2014-04-19 09:00:04.232,66.181
AS14.31,2014-04-19 09:06:14.687,11.033
AS14.31,2014-04-19 21:27:25.039,2.005
AS14.31,2014-04-20 00:54:32.543,24.065
AS14.31,2014-04-20 10:00:04.052,47.485
AS14.31,2014-04-20 10:00:54.552,2.003
AS14.31,2014-04-20 10:10:02.128,60.175
AS14.31,2014-04-20 10:21:00.767,71.33
AS14.31,2014-04-20 10:27:45.816,36.961
AS14.31,2014-04-20 10:42:45.204,3.932
AS14.31,2014-04-20 10:46:19.219,2.008
AS14.31,2014-04-20 23:53:33.742,1.001
AS14.31,2014-04-21 00:36:41.904,10.485
AS14.31,2014-04-21 09:32:25.234,30.251
AS14.31,2014-04-21 09:32:56.039,3.1
AS14.31,2014-04-21 10:00:03.447,46.145
AS14.31,2014-04-21 10:00:58.848,4.488
AS14.31,2014-04-21 10:05:43.413,5.018
AS14.31,2014-04-21 10:05:50.440,2.006
AS14.31,2014-04-21 16:26:04.862,4.578
AS14.31,2014-04-21 16:27:09.134,7.041
AS14.31,2014-04-21 21:47:59.407,2.007
AS14.31,2014-04-22 00:37:35.891,26.092
AS14.31,2014-04-22 05:50:04.739,113.31
AS14.31,2014-04-22 05:52:03.085,12.033
AS14.31,2014-04-22 06:05:01.289,929.004
AS14.31,2014-04-22 06:29:53.174,65.165
AS14.31,2014-04-22 06:35:59.326,3.012
AS14.31,2014-04-22 22:44:13.512,28.107
AS14.31,2014-04-22 23:38:54.869,26.164
AS14.31,2014-04-23 06:00:05.716,214.617
AS14.31,2014-04-23 06:03:56.413,67.259
AS14.31,2014-04-23 06:05:55.124,121.749
AS14.31,2014-04-23 06:20:14.400,32.136
AS14.31,2014-04-23 06:20:46.539,606.836
AS14.31,2014-04-23 23:43:29.742,13.103
AS14.31,2014-04-24 06:10:04.141,414.306
AS14.31,2014-04-24 06:27:00.414,65.973
AS14.31,2014-04-24 06:47:38.658,2.004
AS14.31,2014-04-24 23:47:42.789,68.687
AS14.31,2014-04-24 23:54:05.622,9.044
AS14.31,2014-04-25 07:00:04.038,67.217
AS14.31,2014-04-25 07:10:02.687,50.156
AS14.31,2014-04-25 07:20:55.562,84.71
AS14.31,2014-04-25 08:07:59.151,4.003
AS14.31,2014-04-25 08:19:15.779,6.015
AS14.31,2014-04-25 23:25:59.611,1.004
AS14.31,2014-04-26 05:23:29.928,31.11
AS14.31,2014-04-26 10:25:42.331,2.004
AS14.31,2014-04-26 10:30:05.150,30.09
AS14.31,2014-04-26 10:30:40.269,5.99
AS14.31,2014-04-26 10:46:25.007,3.02
AS14.31,2014-04-26 11:57:58.453,2.006
AS14.31,2014-04-26 12:14:19.999,6.012
AS14.31,2014-04-27 00:16:47.960,2.009
AS14.31,2014-04-27 00:16:51.987,35.161
AS14.31,2014-04-27 07:50:03.608,174.477
AS14.31,2014-04-27 08:05:01.595,169.53
AS14.31,2014-04-27 08:17:50.592,78.151
AS14.31,2014-04-27 08:38:55.355,30.591
AS14.31,2014-04-27 08:42:13.255,3.031
AS14.31,2014-04-27 10:18:16.852,3.017
AS14.31,2014-04-27 10:18:27.904,2.004
AS14.31,2014-04-27 10:55:37.640,1.006
AS14.31,2014-04-27 23:06:38.611,21.086
AS14.31,2014-04-27 23:07:23.999,13.055
AS14.31,2014-04-28 06:05:05.572,90.283
AS14.31,2014-04-28 06:10:02.878,26.075
AS14.31,2014-04-28 06:16:35.486,69.606
AS14.31,2014-04-28 06:24:01.160,30.68
AS14.31,2014-04-28 07:09:17.487,3.14
AS14.31,2014-04-28 22:56:09.019,30.092
AS14.31,2014-04-28 23:13:46.369,7.119
AS14.31,2014-04-29 06:20:04.362,25.324
AS14.31,2014-04-29 06:20:30.999,4.972
AS14.31,2014-04-29 06:20:46.575,35.09
AS14.31,2014-04-29 06:23:00.799,5.027
AS14.31,2014-04-29 23:04:56.075,35.109
AS14.31,2014-04-30 06:16:13.760,68.138
AS14.31,2014-04-30 06:30:01.397,151.396
AS14.31,2014-04-30 06:32:32.796,115.408
AS14.31,2014-04-30 06:35:00.322,1802.649
AS14.31,2014-04-30 07:07:01.375,56.175
AS14.31,2014-04-30 07:17:56.746,15.381
AS14.31,2014-04-30 07:22:59.395,3.015
AS14.31,2014-04-30 08:31:23.826,7.215
AS14.31,2014-04-30 23:02:18.746,38.249
AS14.31,2014-05-01 07:10:04.727,284.898
AS14.31,2014-05-01 07:25:02.173,9.031
AS14.31,2014-05-02 00:42:13.793,39.126
AS14.31,2014-05-02 05:53:40.217,70.551
AS14.31,2014-05-02 06:10:03.390,170.543
AS14.31,2014-05-02 06:12:53.940,62.184
AS14.31,2014-05-02 06:21:11.959,1.319
AS14.31,2014-05-02 07:52:27.849,30.635
AS14.31,2014-05-02 07:53:43.375,5.728
AS14.31,2014-05-02 08:22:47.773,2.514
AS14.31,2014-05-02 08:31:17.469,32.093
AS14.31,2014-05-02 08:58:40.279,4.265
AS14.31,2014-05-02 10:22:46.848,10.021
AS14.31,2014-05-03 01:33:42.680,13.038
AS14.31,2014-05-03 08:50:03.415,1360.347
AS14.31,2014-05-03 09:12:48.207,2.005
AS14.31,2014-05-03 09:12:52.338,4.295
AS14.31,2014-05-03 09:19:50.026,5.787
AS14.31,2014-05-03 10:11:22.957,4.044
AS14.31,2014-05-17 01:01:50.023,108.503
AS14.31,2014-05-17 01:12:06.177,11.23
AS14.32,2014-04-04 07:52:06.957,5.024
AS14.32,2014-04-06 22:37:36.812,5.004
AS14.32,2014-04-06 22:48:13.910,5.025
AS14.32,2014-04-11 18:07:39.973,13.118
AS14.32,2014-04-27 14:39:57.263,17.235
AS14.32,2014-04-27 14:40:20.536,16.325
AS14.32,2014-04-27 14:40:38.936,13.122
AS14.32,2014-04-27 14:40:57.303,9.062
AS14.32,2014-04-27 14:41:12.447,5.025
AS14.32,2014-04-27 19:31:19.328,31.204
AS14.32,2014-04-27 19:32:09.661,355.445
AS14.33,2014-04-16 15:17:39.076,7.291
AS14.33,2014-04-16 15:17:48.505,3.02
AS14.33,2014-04-16 15:22:33.944,13.254
AS14.33,2014-04-16 15:24:42.186,9.679
AS14.33,2014-04-16 15:24:54.529,12.973
AS14.33,2014-04-16 15:29:01.137,14.368
AS14.33,2014-04-16 15:29:19.203,4.364
AS14.33,2014-04-16 15:29:52.283,6.692
AS14.33,2014-04-16 15:31:02.338,4.983
AS14.33,2014-04-16 15:32:00.210,31.179
AS14.33,2014-04-16 16:59:58.368,45.064
AS14.33,2014-04-16 17:12:36.331,12.065
AS14.33,2014-04-17 01:16:14.165,7.821
AS14.33,2014-04-17 01:16:33.355,1.857
AS14.33,2014-04-17 02:01:42.519,19.498
AS14.33,2014-04-17 06:04:05.542,4.651
AS14.33,2014-04-17 07:09:12.401,4.783
AS14.33,2014-04-17 07:09:20.342,3.009
AS14.33,2014-04-17 07:14:48.437,7.065
AS14.33,2014-04-17 07:16:19.474,6.022
AS14.33,2014-04-17 07:27:37.171,5.022
AS14.33,2014-04-17 07:31:39.704,4.108
AS14.33,2014-04-17 08:02:53.388,6.021
AS14.33,2014-04-17 08:18:52.390,8.383
AS14.33,2014-04-17 08:19:19.852,4.816
AS14.33,2014-04-17 08:25:27.940,6.854
AS14.33,2014-04-17 08:31:10.125,5.508
AS14.33,2014-04-17 08:31:34.555,10.188
AS14.33,2014-04-17 08:31:51.911,2.073
AS14.33,2014-04-17 17:00:03.519,4.014
AS14.33,2014-04-17 17:28:53.045,5.012
AS14.33,2014-04-17 17:38:33.625,13.06
AS14.33,2014-04-17 17:39:34.427,36.97
AS14.33,2014-04-17 17:43:43.627,4.232
AS14.33,2014-04-17 17:45:04.217,21.294
AS14.33,2014-04-17 17:47:37.197,17.524
AS14.33,2014-04-17 17:50:12.815,3.007
AS14.33,2014-04-17 17:54:20.313,31.342
AS14.33,2014-04-17 17:56:17.930,10.476
AS14.33,2014-04-17 17:59:50.365,4.187
AS14.33,2014-04-17 18:03:09.648,2.469
AS14.33,2014-04-17 18:15:14.096,4.096
AS14.33,2014-04-17 18:21:59.461,6.026
AS14.33,2014-04-17 18:22:27.566,2.02
AS14.33,2014-04-17 18:54:58.556,1.002
AS14.33,2014-04-17 18:54:59.561,9.035
AS14.33,2014-04-18 14:50:24.779,4.072
AS14.33,2014-04-18 15:06:31.971,4.007
AS14.33,2014-04-18 15:09:45.348,2.006
AS14.33,2014-04-18 15:12:32.631,8.041
AS14.33,2014-04-18 15:15:20.461,3.008
AS14.33,2014-04-18 15:16:49.354,3.006
AS14.33,2014-04-18 15:20:42.618,32.037
AS14.33,2014-04-18 15:25:07.522,6.021
AS14.33,2014-04-18 15:29:48.119,5.022
AS14.33,2014-04-18 15:33:14.890,3.037
AS14.33,2014-04-18 15:35:44.295,11.572
AS14.33,2014-04-18 15:39:00.403,3.005
AS14.33,2014-04-18 15:42:17.505,7.502
AS14.33,2014-04-18 15:47:17.611,8.026
AS14.33,2014-04-18 15:48:10.878,2.007
AS14.33,2014-04-19 09:06:14.638,4.016
AS14.33,2014-04-19 09:08:18.528,4.263
AS14.33,2014-04-19 09:40:47.753,4.177
AS14.33,2014-04-19 09:42:34.911,10.225
AS14.33,2014-04-19 09:44:53.503,6.382
AS14.33,2014-04-19 09:47:08.963,5.021
AS14.33,2014-04-19 16:25:16.598,3.015
AS14.33,2014-04-19 16:28:50.230,5.048
AS14.33,2014-04-19 16:36:49.352,4.017
AS14.33,2014-04-19 16:44:48.411,3.163
AS14.33,2014-04-19 16:47:28.670,5.011
AS14.33,2014-04-19 17:24:46.961,11.537
AS14.33,2014-04-19 17:25:04.128,16.023
AS14.33,2014-04-19 17:30:44.033,2.041
AS14.33,2014-04-20 14:57:42.884,3.01
AS14.33,2014-04-21 20:22:14.128,4.208
AS14.33,2014-04-22 07:08:27.944,4.016
AS14.33,2014-04-22 07:50:26.940,9.103
AS14.33,2014-04-22 08:08:58.602,4.033
AS14.33,2014-04-22 08:28:46.265,5.018
AS14.33,2014-04-22 08:29:39.964,5.019
AS14.33,2014-04-22 08:54:03.082,8.504
AS14.33,2014-04-22 09:01:12.361,4.011
AS14.33,2014-04-22 13:28:56.631,3.23
AS14.33,2014-04-22 13:51:36.209,8.879
AS14.33,2014-04-22 14:16:14.375,2.092
AS14.33,2014-04-22 14:16:31.591,9.054
AS14.33,2014-04-22 14:23:19.608,4.434
AS14.33,2014-04-22 14:24:26.339,4.184
AS14.33,2014-04-22 14:29:30.812,8.525
AS14.33,2014-04-22 15:21:28.013,5.017
AS14.33,2014-04-22 15:21:51.365,4.011
AS14.33,2014-04-22 15:22:07.415,1.002
AS14.33,2014-04-24 07:19:14.464,6.091
AS14.33,2014-04-24 07:20:47.020,4.032
AS14.33,2014-04-24 07:33:06.732,3.047
AS14.33,2014-04-24 07:46:05.051,3.009
AS14.33,2014-04-24 07:48:36.766,3.376
AS14.33,2014-04-24 07:54:04.335,3.018
AS14.33,2014-04-24 07:57:46.786,4.011
AS14.33,2014-04-24 08:01:21.309,3.006
AS14.33,2014-04-24 15:21:36.640,6.026
AS14.33,2014-04-24 15:22:14.875,2.005
AS14.33,2014-04-24 15:44:13.713,8.413
AS14.33,2014-04-24 15:44:24.095,3.1
AS14.33,2014-04-24 15:45:51.506,3.103
AS14.33,2014-04-24 15:59:42.471,7.61
AS14.33,2014-04-24 16:00:06.000,28.089
AS14.33,2014-04-24 16:18:26.440,3.053
AS14.33,2014-04-26 13:18:29.970,5.073
AS14.33,2014-04-26 13:31:03.517,4.051
AS14.33,2014-04-26 13:47:07.763,7.556
AS14.33,2014-04-26 14:22:58.321,6.017
AS14.33,2014-04-27 17:28:50.076,1.96
AS14.33,2014-04-27 17:37:55.198,3.016
AS14.33,2014-04-28 00:31:33.546,5.013
AS14.33,2014-04-28 00:47:39.082,3.019
AS14.33,2014-04-28 01:03:32.622,4.04
AS14.33,2014-04-28 01:07:22.632,6.423
AS14.33,2014-04-28 01:07:33.651,1.647
AS14.33,2014-04-28 02:29:16.227,19.838
AS14.33,2014-04-28 08:15:53.446,4.943
AS14.33,2014-04-28 09:02:39.822,2.128
AS14.33,2014-04-28 09:06:02.579,5.039
AS14.33,2014-04-28 09:11:17.296,3.011
AS14.33,2014-04-28 09:14:05.298,5.024
AS14.33,2014-04-28 09:17:28.339,3.051
AS14.33,2014-04-28 09:21:07.944,6.613
AS14.33,2014-04-28 09:22:43.289,4.016
AS14.33,2014-04-28 09:31:00.022,4.011
AS14.33,2014-04-28 09:35:09.789,11.051
AS14.33,2014-04-28 09:36:17.605,4.088
AS14.33,2014-04-28 09:53:48.311,6.105
AS14.33,2014-04-28 09:55:26.282,5.068
AS14.33,2014-04-28 09:58:05.983,4.02
AS14.33,2014-04-28 10:29:33.572,7.626
AS14.33,2014-04-28 10:51:12.974,5.855
AS14.33,2014-04-28 10:55:18.964,9.12
AS14.33,2014-04-28 10:55:42.032,4.218
AS14.33,2014-04-28 12:41:47.112,8.352
AS14.33,2014-04-28 12:42:37.065,7.043
AS14.33,2014-04-28 12:56:35.963,6.043
AS14.33,2014-04-28 12:58:39.342,9.062
AS14.33,2014-04-28 13:03:08.213,5.043
AS14.33,2014-04-28 13:26:02.397,12.189
AS14.33,2014-04-28 13:48:54.690,8.043
AS14.33,2014-04-28 13:49:06.430,4.019
AS14.33,2014-04-28 14:35:15.588,53.677
AS14.33,2014-04-28 14:36:24.790,78.277
AS14.33,2014-04-28 14:42:51.846,10.124
AS14.33,2014-04-29 00:25:25.243,3.009
AS14.33,2014-04-29 00:26:22.542,6.663
AS14.33,2014-04-29 05:49:11.671,10.389
AS14.33,2014-04-29 06:50:24.411,13.13
AS14.33,2014-04-29 07:11:54.367,4.051
AS14.33,2014-04-29 07:12:48.846,5.018
AS14.33,2014-04-29 07:15:15.036,3.006
AS14.33,2014-04-29 07:35:41.289,10.245
AS14.33,2014-04-29 07:38:42.888,5.037
AS14.33,2014-04-29 07:44:15.503,16.817
AS14.33,2014-04-29 07:46:33.384,4.076
AS14.33,2014-04-29 08:22:10.082,7.026
AS14.33,2014-04-29 15:47:08.943,4.04
AS14.33,2014-04-29 16:33:38.654,5.129
AS14.33,2014-05-01 07:49:47.996,5.02
AS14.33,2014-05-01 08:00:07.552,4.046
AS14.33,2014-05-01 08:14:31.244,5.314
AS14.33,2014-05-01 08:18:06.200,7.41
AS14.33,2014-05-01 08:28:22.392,7.253
AS14.33,2014-05-01 08:33:54.085,3.009
AS14.33,2014-05-01 09:36:55.280,15.044
AS14.33,2014-05-01 09:37:10.336,34.635
AS14.33,2014-05-01 09:49:13.463,9.521
AS14.33,2014-05-01 09:56:22.496,4.014
AS14.33,2014-05-01 11:15:49.500,5.1
AS14.33,2014-05-01 12:09:55.453,3.009
AS14.33,2014-05-01 20:59:44.085,0.566
AS14.33,2014-05-01 21:00:05.466,5.045
AS14.33,2014-05-01 21:00:14.249,4.017
AS14.33,2014-05-01 21:21:46.911,12.096
AS14.33,2014-05-01 21:25:58.927,6.042
AS14.33,2014-05-02 00:39:52.908,6.024
AS14.33,2014-05-02 00:39:59.598,4.014
AS14.33,2014-05-02 16:16:20.575,16.058
AS14.33,2014-05-02 16:16:43.729,54.182
AS14.33,2014-05-04 11:05:45.184,3.205
AS14.33,2014-05-04 11:41:26.572,4.016
AS14.33,2014-05-04 13:25:57.878,6.154
AS14.33,2014-05-04 17:09:18.971,8.248
AS14.33,2014-05-04 17:27:32.154,3.21
AS14.33,2014-05-04 18:30:08.118,5.021
AS14.33,2014-05-04 18:54:01.256,22.359
AS14.33,2014-05-04 19:07:46.157,6.48
AS14.33,2014-05-04 19:08:53.220,5.027
AS14.33,2014-05-04 19:12:32.618,4.045
AS14.33,2014-05-04 22:50:19.509,1.706
AS14.33,2014-05-04 23:38:12.742,14.405
AS14.33,2014-05-04 23:52:38.782,4.849
AS14.33,2014-05-04 23:59:28.118,9.04
AS14.33,2014-05-06 08:07:08.262,3.041
AS14.33,2014-05-06 12:34:12.674,4.222
AS14.33,2014-05-06 19:44:57.703,4.189
AS14.33,2014-05-06 22:58:47.493,4.011
AS14.33,2014-05-07 20:42:01.176,3.187
AS14.33,2014-05-08 07:26:08.200,9.03
AS14.33,2014-05-08 07:29:35.398,3.005
AS14.33,2014-05-08 08:12:16.776,9.462
AS14.33,2014-05-08 08:15:48.931,4.075
AS14.33,2014-05-08 08:21:37.934,8.447
AS14.33,2014-05-08 08:21:51.275,7.05
AS14.33,2014-05-08 08:28:32.181,3.021
AS14.33,2014-05-08 08:34:48.063,6.752
AS14.33,2014-05-08 08:43:26.426,10.032
AS14.33,2014-05-08 12:46:59.990,9.071
AS14.33,2014-05-08 13:56:27.128,4.021
AS14.33,2014-05-08 14:04:14.913,3.006
AS14.33,2014-05-08 14:07:22.221,17.747
AS14.33,2014-05-08 14:33:03.838,3.162
AS14.33,2014-05-08 15:45:37.447,4.198
AS14.33,2014-05-08 15:45:51.878,3.019
AS14.33,2014-05-09 16:43:13.395,2.839
AS14.33,2014-05-09 16:43:19.717,2.03
AS14.33,2014-05-09 16:45:07.836,3.558
AS14.33,2014-05-09 16:45:50.239,8.05
AS14.33,2014-05-10 12:29:40.421,1.64
AS14.33,2014-05-10 12:29:42.947,4.032
AS14.33,2014-05-10 14:28:38.783,3.077
AS14.33,2014-05-10 16:57:52.023,27.133
AS14.33,2014-05-10 16:58:19.157,107.758
AS14.33,2014-05-10 17:00:17.565,23.71
AS14.33,2014-05-10 17:22:25.463,5.024
AS14.33,2014-05-10 17:22:41.039,3.106
AS14.33,2014-05-13 10:28:19.049,12.474
AS14.33,2014-05-13 10:33:03.351,4.017
AS14.33,2014-05-13 16:41:41.104,10.849
AS14.33,2014-05-13 16:44:20.154,2.044
AS14.33,2014-05-15 07:15:33.637,13.607
AS14.33,2014-05-15 07:17:34.532,5.044
AS14.33,2014-05-15 07:53:33.591,6.064
AS14.33,2014-05-15 08:08:55.645,6.193
AS14.33,2014-05-15 11:00:16.632,4.064
AS14.33,2014-05-16 14:00:23.829,19.074
AS14.33,2014-05-16 14:04:54.355,3.203
AS14.33,2014-05-16 22:37:44.091,5.03
AS14.33,2014-05-16 22:38:01.257,2.031
AS14.33,2014-05-18 02:09:35.517,3.014
AS14.33,2014-05-18 15:07:13.607,4.037
AS14.33,2014-05-18 20:39:25.858,4.07
AS14.33,2014-05-22 19:54:11.483,3.636
AS14.33,2014-05-22 19:54:16.395,5.202
AS14.33,2014-05-25 03:39:47.611,5.018
AS14.33,2014-05-25 03:43:07.867,3.06
AS14.33,2014-05-25 03:57:46.864,11.411
AS14.33,2014-05-25 03:58:12.924,9.504
AS14.33,2014-05-25 04:01:56.592,18.059
AS14.33,2014-05-25 04:04:15.555,6.301
AS14.33,2014-05-25 04:07:43.561,4.077
AS14.33,2014-05-25 04:07:47.638,39.552
AS14.33,2014-05-27 11:30:49.519,1.001
AS14.33,2014-05-27 11:30:50.523,16.054
AS14.33,2014-05-27 11:31:19.654,39.118
AS14.33,2014-05-28 09:03:24.213,4.356
AS14.33,2014-05-28 09:08:32.466,5.018
AS14.33,2014-05-28 09:11:52.871,6.02
AS14.33,2014-05-28 09:14:07.572,3.119
AS14.33,2014-05-28 09:41:56.953,3.03
AS14.33,2014-05-28 09:46:11.049,9.123
AS14.33,2014-05-29 16:18:22.219,1.188
AS14.33,2014-05-29 23:12:12.204,2.011
AS14.33,2014-05-30 10:08:55.105,11.361
AS14.33,2014-05-30 10:12:13.561,10.087
AS14.33,2014-05-30 10:16:56.842,4.085
AS14.33,2014-05-30 10:18:48.272,4.045
AS14.33,2014-05-30 10:48:07.361,22.564
AS14.33,2014-05-30 10:49:22.782,14.881
AS14.33,2014-05-30 10:49:37.673,6.332
AS14.33,2014-05-30 10:49:58.707,14.496
AS14.33,2014-05-30 10:50:59.608,14.452
AS14.33,2014-05-30 10:52:37.028,37.237
AS14.33,2014-05-30 10:53:14.276,76.903
AS14.33,2014-05-30 11:42:41.286,4.051
AS14.33,2014-05-30 15:05:58.599,4.306
AS14.33,2014-05-30 20:06:23.109,2.006
AS14.33,2014-05-30 22:32:05.016,6.019
