id,time,sms
AS14.01,2014-02-19 17:42:34.292,1.0
AS14.01,2014-02-19 21:25:04.397,1.0
AS14.01,2014-02-20 10:58:33.924,1.0
AS14.01,2014-02-20 11:13:44.448,1.0
AS14.01,2014-02-20 11:16:45.930,1.0
AS14.01,2014-02-21 15:36:58.253,1.0
AS14.01,2014-02-22 22:32:39.631,1.0
AS14.01,2014-02-26 16:19:04.586,1.0
AS14.01,2014-02-26 21:56:25.436,1.0
AS14.01,2014-03-01 09:03:49.706,1.0
AS14.01,2014-03-12 14:06:20.582,1.0
AS14.01,2014-03-14 17:46:40.259,1.0
AS14.01,2014-03-15 19:29:55.730,1.0
AS14.01,2014-03-16 17:39:54.769,1.0
AS14.01,2014-03-16 17:44:38.680,1.0
AS14.01,2014-03-16 17:57:55.500,1.0
AS14.01,2014-03-17 13:43:21.207,1.0
AS14.01,2014-03-18 10:34:03.101,1.0
AS14.01,2014-03-18 16:43:36.457,1.0
AS14.01,2014-03-22 15:47:07.964,1.0
AS14.01,2014-03-25 10:32:48.691,1.0
AS14.01,2014-03-27 07:56:20.246,1.0
AS14.01,2014-03-29 20:41:07.816,1.0
AS14.01,2014-04-04 23:47:42.775,1.0
AS14.01,2014-04-14 22:47:54.075,1.0
AS14.01,2014-04-15 23:04:31.400,1.0
AS14.01,2014-04-16 09:06:05.734,1.0
AS14.01,2014-04-20 01:21:06.049,1.0
AS14.01,2014-04-20 01:56:49.694,1.0
AS14.01,2014-04-25 14:09:39.897,1.0
AS14.01,2014-04-26 15:44:02.572,1.0
AS14.01,2014-04-26 18:59:08.934,1.0
AS14.01,2014-04-26 19:08:55.444,1.0
AS14.01,2014-04-26 19:13:56.717,1.0
AS14.01,2014-05-01 20:43:05.529,1.0
AS14.01,2014-05-01 20:43:08.621,1.0
AS14.01,2014-05-01 20:57:07.216,1.0
AS14.01,2014-05-01 21:02:49.785,1.0
AS14.01,2014-05-03 10:09:01.671,1.0
AS14.02,2014-02-17 11:46:41.572,1.0
AS14.02,2014-02-17 16:49:30.309,1.0
AS14.02,2014-02-18 13:00:50.611,1.0
AS14.02,2014-02-19 16:11:48.242,1.0
AS14.02,2014-02-19 19:24:21.937,1.0
AS14.02,2014-02-19 19:54:57.358,1.0
AS14.02,2014-02-21 10:01:31.332,1.0
AS14.02,2014-02-21 13:16:40.190,1.0
AS14.02,2014-02-21 16:07:02.691,1.0
AS14.02,2014-02-22 10:41:41.190,1.0
AS14.02,2014-02-22 22:58:36.242,1.0
AS14.02,2014-02-22 23:06:37.875,1.0
AS14.02,2014-02-22 23:16:07.907,1.0
AS14.02,2014-02-22 23:22:20.594,1.0
AS14.02,2014-02-23 10:59:06.729,1.0
AS14.02,2014-02-24 19:32:30.971,1.0
AS14.02,2014-02-24 20:45:09.246,1.0
AS14.02,2014-02-25 21:32:09.710,1.0
AS14.02,2014-02-25 23:23:12.345,1.0
AS14.02,2014-02-28 14:59:27.236,1.0
AS14.02,2014-02-28 15:00:15.904,1.0
AS14.02,2014-02-28 20:50:12.065,1.0
AS14.02,2014-03-01 10:08:37.917,1.0
AS14.02,2014-03-01 11:37:33.418,1.0
AS14.02,2014-03-04 20:29:22.535,1.0
AS14.02,2014-03-06 21:34:27.796,1.0
AS14.02,2014-03-07 00:30:22.905,1.0
AS14.02,2014-03-07 00:31:14.542,1.0
AS14.02,2014-03-07 17:57:04.345,1.0
AS14.02,2014-03-08 12:56:45.630,1.0
AS14.02,2014-03-10 10:16:10.151,1.0
AS14.02,2014-03-10 10:16:17.104,1.0
AS14.02,2014-03-10 18:59:03.677,1.0
AS14.02,2014-03-10 20:29:33.007,1.0
AS14.02,2014-03-11 17:03:26.588,1.0
AS14.02,2014-03-11 17:05:19.019,1.0
AS14.02,2014-03-11 17:06:30.082,1.0
AS14.02,2014-03-11 18:54:25.367,1.0
AS14.02,2014-03-12 23:34:09.529,1.0
AS14.02,2014-03-13 07:37:40.660,1.0
AS14.02,2014-03-16 12:22:57.700,1.0
AS14.02,2014-03-18 14:56:40.301,1.0
AS14.02,2014-03-19 18:29:50.928,1.0
AS14.02,2014-03-20 23:10:15.423,1.0
AS14.02,2014-03-21 12:14:52.209,1.0
AS14.02,2014-03-22 04:06:16.255,1.0
AS14.02,2014-03-23 14:13:18.799,1.0
AS14.02,2014-03-28 22:40:13.471,1.0
AS14.02,2014-03-28 23:18:17.203,1.0
AS14.02,2014-03-30 10:25:02.630,1.0
AS14.02,2014-03-31 17:43:08.561,1.0
AS14.02,2014-03-31 18:18:58.197,1.0
AS14.02,2014-04-01 11:04:24.517,1.0
AS14.02,2014-04-05 13:38:38.690,1.0
AS14.02,2014-04-08 19:56:21.424,1.0
AS14.02,2014-04-09 11:39:42.884,1.0
AS14.02,2014-04-10 17:29:34.733,1.0
AS14.02,2014-04-11 09:29:13.244,1.0
AS14.02,2014-04-12 12:33:22.966,1.0
AS14.02,2014-04-14 12:28:09.904,1.0
AS14.02,2014-04-14 13:49:51.328,1.0
AS14.02,2014-04-14 13:51:18.358,1.0
AS14.02,2014-04-14 14:20:06.917,1.0
AS14.02,2014-04-14 15:00:35.825,1.0
AS14.02,2014-04-14 16:16:37.088,1.0
AS14.02,2014-04-14 16:17:08.395,1.0
AS14.02,2014-04-15 10:09:32.657,1.0
AS14.02,2014-04-16 11:57:26.647,1.0
AS14.02,2014-04-17 12:33:47.296,1.0
AS14.02,2014-04-17 12:41:38.344,1.0
AS14.02,2014-04-17 12:42:37.105,1.0
AS14.02,2014-04-17 12:43:07.653,1.0
AS14.02,2014-04-17 14:47:05.614,1.0
AS14.02,2014-04-17 22:32:38.614,1.0
AS14.02,2014-04-17 22:33:01.318,1.0
AS14.02,2014-04-20 07:24:41.852,1.0
AS14.02,2014-04-20 08:16:50.187,1.0
AS14.02,2014-04-20 19:14:14.571,1.0
AS14.02,2014-04-22 11:09:37.611,1.0
AS14.02,2014-04-22 16:13:17.519,1.0
AS14.02,2014-04-23 13:30:29.357,1.0
AS14.03,2014-02-17 16:28:23.000,1.0
AS14.03,2014-02-19 16:00:17.000,1.0
AS14.03,2014-02-21 11:24:46.443,1.0
AS14.03,2014-02-21 19:10:05.000,1.0
AS14.03,2014-02-22 16:50:25.000,1.0
AS14.03,2014-02-22 16:51:34.000,1.0
AS14.03,2014-02-22 16:51:41.000,1.0
AS14.03,2014-02-22 17:15:37.437,1.0
AS14.03,2014-02-22 20:38:17.000,1.0
AS14.03,2014-02-26 14:27:24.006,1.0
AS14.03,2014-02-27 19:47:33.664,1.0
AS14.03,2014-03-01 05:41:31.000,1.0
AS14.03,2014-03-01 10:33:45.690,1.0
AS14.03,2014-03-01 10:36:59.000,1.0
AS14.03,2014-03-03 16:14:52.197,1.0
AS14.03,2014-03-05 10:02:24.000,1.0
AS14.03,2014-03-08 13:52:28.000,1.0
AS14.03,2014-03-08 13:58:37.967,1.0
AS14.03,2014-03-08 13:59:25.000,1.0
AS14.03,2014-03-09 15:38:44.065,1.0
AS14.03,2014-03-09 15:40:34.000,1.0
AS14.03,2014-03-09 15:40:49.000,1.0
AS14.03,2014-03-14 15:37:54.000,1.0
AS14.03,2014-03-15 17:59:17.000,1.0
AS14.03,2014-03-17 17:08:11.211,1.0
AS14.03,2014-03-17 17:20:12.000,1.0
AS14.03,2014-03-18 12:44:26.000,1.0
AS14.03,2014-03-19 19:14:38.344,1.0
AS14.03,2014-03-19 20:45:05.857,1.0
AS14.03,2014-03-20 14:36:52.000,1.0
AS14.03,2014-03-21 08:42:41.000,1.0
AS14.03,2014-03-21 19:26:50.790,1.0
AS14.03,2014-03-22 22:24:55.746,1.0
AS14.03,2014-03-23 14:51:55.000,1.0
AS14.03,2014-03-25 13:43:05.000,1.0
AS14.03,2014-03-27 20:49:06.000,1.0
AS14.03,2014-03-29 19:47:58.000,1.0
AS14.03,2014-03-31 21:58:48.000,1.0
AS14.03,2014-04-04 07:42:03.217,1.0
AS14.03,2014-04-04 12:53:22.726,1.0
AS14.03,2014-04-04 13:43:56.000,1.0
AS14.03,2014-04-08 09:06:42.000,1.0
AS14.03,2014-04-10 07:50:26.000,1.0
AS14.03,2014-04-10 20:40:22.414,1.0
AS14.03,2014-04-13 15:12:50.000,1.0
AS14.03,2014-04-14 12:48:21.548,1.0
AS14.03,2014-04-17 07:54:33.293,1.0
AS14.03,2014-04-17 08:36:02.000,1.0
AS14.03,2014-04-19 11:26:12.000,1.0
AS14.03,2014-04-20 09:01:47.000,1.0
AS14.03,2014-04-20 10:22:03.407,1.0
AS14.03,2014-04-23 10:03:49.000,1.0
AS14.03,2014-04-26 13:21:22.000,1.0
AS14.03,2014-04-26 14:30:14.000,1.0
AS14.03,2014-04-26 15:34:54.825,1.0
AS14.03,2014-04-26 22:37:46.000,1.0
AS14.03,2014-04-26 22:43:29.165,1.0
AS14.03,2014-05-02 15:51:18.082,1.0
AS14.03,2014-05-05 16:17:50.000,1.0
AS14.05,2014-03-09 18:08:53.676,1.0
AS14.05,2014-03-17 17:20:06.726,1.0
AS14.05,2014-03-17 20:46:03.000,1.0
AS14.05,2014-03-20 11:13:24.000,1.0
AS14.05,2014-03-21 18:59:15.000,1.0
AS14.05,2014-03-21 19:11:52.618,1.0
AS14.05,2014-03-21 20:16:19.000,1.0
AS14.05,2014-03-23 09:35:37.000,1.0
AS14.05,2014-03-23 09:38:59.325,1.0
AS14.05,2014-03-23 16:23:08.355,1.0
AS14.05,2014-03-23 16:23:36.000,1.0
AS14.05,2014-03-23 16:24:33.000,1.0
AS14.05,2014-03-23 16:27:16.388,1.0
AS14.05,2014-03-23 16:27:42.000,1.0
AS14.05,2014-03-23 16:28:32.000,1.0
AS14.05,2014-03-23 16:31:01.000,1.0
AS14.05,2014-03-24 19:17:05.605,1.0
AS14.05,2014-03-25 19:43:29.299,1.0
AS14.05,2014-03-26 12:06:51.000,1.0
AS14.05,2014-03-27 09:41:09.809,1.0
AS14.05,2014-03-29 11:58:42.000,1.0
AS14.05,2014-04-12 16:07:27.236,1.0
AS14.05,2014-04-12 16:24:53.000,1.0
AS14.05,2014-04-12 16:32:01.493,1.0
AS14.05,2014-04-18 15:25:19.993,1.0
AS14.05,2014-04-22 20:05:21.000,1.0
AS14.05,2014-04-23 20:05:25.000,1.0
AS14.05,2014-04-26 18:34:42.000,1.0
AS14.05,2014-05-02 20:57:55.000,1.0
AS14.05,2014-05-02 21:00:28.000,1.0
AS14.05,2014-05-02 21:00:41.361,1.0
AS14.05,2014-05-02 21:04:06.127,1.0
AS14.05,2014-05-02 21:05:36.000,1.0
AS14.05,2014-05-02 21:08:56.378,1.0
AS14.05,2014-05-02 21:13:05.000,1.0
AS14.05,2014-05-03 18:30:24.000,1.0
AS14.05,2014-05-03 18:43:18.585,1.0
AS14.05,2014-05-03 18:48:53.000,1.0
AS14.05,2014-05-03 19:17:23.408,1.0
AS14.05,2014-05-03 19:17:55.000,1.0
AS14.06,2014-02-22 09:02:25.187,1.0
AS14.06,2014-02-22 13:15:37.000,1.0
AS14.06,2014-02-22 17:07:39.000,1.0
AS14.06,2014-02-22 22:46:53.203,1.0
AS14.06,2014-02-22 23:45:14.378,1.0
AS14.06,2014-02-23 07:31:49.000,1.0
AS14.06,2014-02-23 09:47:32.210,1.0
AS14.06,2014-02-23 13:35:21.792,1.0
AS14.06,2014-02-23 17:42:20.000,1.0
AS14.06,2014-02-23 18:12:18.778,1.0
AS14.06,2014-02-23 23:25:29.628,1.0
AS14.06,2014-02-24 07:18:54.056,1.0
AS14.06,2014-02-24 07:46:48.000,1.0
AS14.06,2014-02-24 13:10:19.549,1.0
AS14.06,2014-02-24 17:31:29.000,1.0
AS14.06,2014-02-24 17:39:10.072,1.0
AS14.06,2014-02-24 19:11:39.095,1.0
AS14.06,2014-02-24 23:39:43.907,1.0
AS14.06,2014-02-25 08:39:21.000,1.0
AS14.06,2014-02-25 10:33:44.950,1.0
AS14.06,2014-02-25 12:39:17.000,1.0
AS14.06,2014-02-25 17:00:13.000,1.0
AS14.06,2014-02-25 17:25:24.095,1.0
AS14.06,2014-02-25 19:28:03.266,1.0
AS14.06,2014-02-25 19:31:53.000,1.0
AS14.06,2014-02-25 19:34:32.881,1.0
AS14.06,2014-02-25 22:44:30.000,1.0
AS14.06,2014-02-25 23:46:03.598,1.0
AS14.06,2014-02-26 08:45:37.000,1.0
AS14.06,2014-02-26 09:37:04.178,1.0
AS14.06,2014-02-26 11:04:57.453,1.0
AS14.06,2014-02-26 11:43:47.387,1.0
AS14.06,2014-02-26 15:08:17.427,1.0
AS14.06,2014-02-26 15:53:31.279,1.0
AS14.06,2014-02-26 16:54:42.000,1.0
AS14.06,2014-02-26 17:14:28.915,1.0
AS14.06,2014-02-26 23:58:17.265,1.0
AS14.06,2014-02-27 07:42:39.000,1.0
AS14.06,2014-02-27 10:18:24.641,1.0
AS14.06,2014-02-27 12:58:08.789,1.0
AS14.06,2014-02-27 13:51:22.219,1.0
AS14.06,2014-02-27 13:54:10.000,1.0
AS14.06,2014-02-27 13:56:29.371,1.0
AS14.06,2014-02-27 13:59:25.032,1.0
AS14.06,2014-02-27 14:04:13.000,1.0
AS14.06,2014-02-27 17:33:36.000,1.0
AS14.06,2014-02-27 23:43:44.897,1.0
AS14.06,2014-02-27 23:54:48.276,1.0
AS14.06,2014-02-28 07:29:17.000,1.0
AS14.06,2014-02-28 09:24:08.999,1.0
AS14.06,2014-02-28 20:19:45.237,1.0
AS14.06,2014-02-28 20:23:30.000,1.0
AS14.06,2014-02-28 20:33:57.836,1.0
AS14.06,2014-02-28 21:38:44.000,1.0
AS14.06,2014-02-28 21:41:59.132,1.0
AS14.06,2014-02-28 23:23:24.986,1.0
AS14.06,2014-02-28 23:29:21.000,1.0
AS14.06,2014-03-01 01:24:32.433,1.0
AS14.06,2014-03-01 11:07:40.115,1.0
AS14.06,2014-03-01 12:23:01.000,1.0
AS14.06,2014-03-01 13:12:09.539,1.0
AS14.06,2014-03-01 15:36:52.917,1.0
AS14.06,2014-03-07 13:42:36.000,1.0
AS14.06,2014-03-15 05:09:37.000,1.0
AS14.06,2014-03-15 05:11:21.000,1.0
AS14.06,2014-03-15 11:00:57.000,1.0
AS14.06,2014-03-15 11:02:11.000,1.0
AS14.06,2014-03-15 15:23:07.000,1.0
AS14.06,2014-03-15 15:24:19.000,1.0
AS14.06,2014-03-15 18:47:24.332,1.0
AS14.06,2014-03-15 18:53:25.000,1.0
AS14.06,2014-03-16 17:06:01.674,1.0
AS14.06,2014-03-16 21:43:35.000,1.0
AS14.06,2014-03-17 18:49:34.000,1.0
AS14.06,2014-03-20 18:53:29.414,1.0
AS14.06,2014-03-21 10:30:25.000,1.0
AS14.06,2014-03-22 06:45:41.000,1.0
AS14.06,2014-03-22 06:46:54.000,1.0
AS14.06,2014-03-22 08:28:07.000,1.0
AS14.06,2014-03-22 08:29:14.000,1.0
AS14.06,2014-03-22 12:01:50.000,1.0
AS14.06,2014-03-22 12:03:36.000,1.0
AS14.06,2014-03-23 20:43:48.000,1.0
AS14.06,2014-03-28 15:55:15.000,1.0
AS14.06,2014-03-30 12:17:14.397,1.0
AS14.06,2014-03-30 12:55:34.000,1.0
AS14.06,2014-03-30 13:03:26.882,1.0
AS14.06,2014-03-30 22:51:56.000,1.0
AS14.06,2014-04-08 18:59:31.000,1.0
AS14.06,2014-04-10 18:56:22.000,1.0
AS14.06,2014-04-10 19:02:06.000,1.0
AS14.06,2014-04-10 19:54:00.351,1.0
AS14.06,2014-04-10 19:56:21.000,1.0
AS14.06,2014-04-15 11:03:41.000,1.0
AS14.06,2014-04-22 17:02:15.000,1.0
AS14.06,2014-04-24 15:46:26.565,1.0
AS14.06,2014-04-24 16:26:21.000,1.0
AS14.06,2014-04-24 16:34:19.160,1.0
AS14.06,2014-04-26 15:13:55.000,1.0
AS14.06,2014-05-07 15:33:23.022,1.0
AS14.06,2014-05-07 20:01:49.000,1.0
AS14.06,2014-05-07 20:35:15.496,1.0
AS14.07,2014-03-17 21:03:46.401,1.0
AS14.07,2014-03-19 17:57:31.588,1.0
AS14.07,2014-03-19 17:57:48.088,1.0
AS14.07,2014-03-20 23:24:03.359,1.0
AS14.07,2014-03-24 12:08:40.444,1.0
AS14.07,2014-03-24 14:48:11.763,1.0
AS14.07,2014-03-24 16:37:38.947,1.0
AS14.07,2014-03-24 16:51:39.956,1.0
AS14.07,2014-03-24 16:52:56.153,1.0
AS14.07,2014-03-24 16:53:04.918,1.0
AS14.07,2014-03-24 16:53:30.651,1.0
AS14.07,2014-03-24 16:54:07.871,1.0
AS14.07,2014-03-24 17:08:18.878,1.0
AS14.07,2014-03-26 10:59:59.460,1.0
AS14.07,2014-03-26 11:08:07.635,1.0
AS14.07,2014-03-26 11:32:38.384,1.0
AS14.07,2014-03-26 15:14:07.642,1.0
AS14.07,2014-03-27 09:42:57.598,1.0
AS14.07,2014-03-27 13:35:59.444,1.0
AS14.07,2014-03-27 13:36:11.355,1.0
AS14.07,2014-03-27 14:31:28.648,1.0
AS14.07,2014-03-27 15:42:44.821,1.0
AS14.07,2014-03-27 15:44:37.970,1.0
AS14.07,2014-03-27 15:45:59.526,1.0
AS14.07,2014-03-27 15:46:59.114,1.0
AS14.07,2014-03-29 08:19:04.322,1.0
AS14.07,2014-03-29 09:05:59.249,1.0
AS14.07,2014-03-29 09:42:07.701,1.0
AS14.07,2014-03-29 13:50:27.937,1.0
AS14.07,2014-03-29 13:54:21.744,1.0
AS14.07,2014-03-30 13:40:24.022,1.0
AS14.07,2014-03-31 15:46:27.438,1.0
AS14.07,2014-04-01 15:00:44.556,1.0
AS14.07,2014-04-01 15:02:12.857,1.0
AS14.07,2014-04-01 15:10:35.776,1.0
AS14.07,2014-04-01 15:13:27.394,1.0
AS14.07,2014-04-01 15:14:22.253,1.0
AS14.07,2014-04-01 15:19:41.648,1.0
AS14.07,2014-04-01 18:04:59.647,1.0
AS14.07,2014-04-01 22:13:16.494,1.0
AS14.07,2014-04-02 14:56:55.013,1.0
AS14.07,2014-04-02 14:59:10.372,1.0
AS14.07,2014-04-02 15:46:51.569,1.0
AS14.07,2014-04-02 21:10:03.905,1.0
AS14.07,2014-04-04 14:53:45.519,1.0
AS14.07,2014-04-04 22:45:36.042,1.0
AS14.07,2014-04-05 16:45:45.516,1.0
AS14.07,2014-04-05 17:36:05.042,1.0
AS14.07,2014-04-05 17:36:24.181,1.0
AS14.07,2014-04-05 17:36:49.792,1.0
AS14.07,2014-04-05 18:25:38.157,1.0
AS14.07,2014-04-06 20:33:04.763,1.0
AS14.07,2014-04-06 23:39:22.713,1.0
AS14.07,2014-04-06 23:48:24.086,1.0
AS14.07,2014-04-07 16:52:59.842,1.0
AS14.07,2014-04-09 15:52:19.818,1.0
AS14.07,2014-04-09 21:46:15.523,1.0
AS14.07,2014-04-10 11:34:36.150,1.0
AS14.07,2014-04-10 11:44:41.407,1.0
AS14.07,2014-04-10 11:57:56.723,1.0
AS14.07,2014-04-10 16:18:43.128,1.0
AS14.07,2014-04-11 21:54:34.760,1.0
AS14.07,2014-04-12 11:02:33.530,1.0
AS14.07,2014-04-12 11:03:37.904,1.0
AS14.07,2014-04-12 11:05:39.612,1.0
AS14.07,2014-04-12 11:06:00.766,1.0
AS14.07,2014-04-12 14:01:52.565,1.0
AS14.07,2014-04-12 14:02:15.631,1.0
AS14.07,2014-04-12 14:56:07.325,1.0
AS14.07,2014-04-12 15:39:37.727,1.0
AS14.07,2014-04-12 16:22:57.691,1.0
AS14.07,2014-04-12 17:28:48.921,1.0
AS14.07,2014-04-14 20:35:32.033,1.0
AS14.07,2014-04-16 11:11:15.686,1.0
AS14.07,2014-04-16 13:23:27.154,1.0
AS14.07,2014-04-16 13:23:45.834,1.0
AS14.07,2014-04-16 13:26:06.505,1.0
AS14.07,2014-04-16 13:26:37.499,1.0
AS14.07,2014-04-16 13:27:54.085,1.0
AS14.07,2014-04-16 18:59:42.970,1.0
AS14.07,2014-04-16 19:00:50.763,1.0
AS14.07,2014-04-18 17:19:40.733,1.0
AS14.07,2014-04-18 17:34:48.227,1.0
AS14.07,2014-04-22 08:29:02.920,1.0
AS14.07,2014-04-22 09:23:47.418,1.0
AS14.07,2014-04-24 18:23:43.176,1.0
AS14.07,2014-04-27 11:51:46.364,1.0
AS14.07,2014-04-28 10:59:10.457,1.0
AS14.07,2014-04-28 12:03:02.598,1.0
AS14.07,2014-04-28 17:10:19.417,1.0
AS14.07,2014-04-29 10:48:09.378,1.0
AS14.07,2014-04-29 11:40:58.023,1.0
AS14.07,2014-04-29 11:56:20.305,1.0
AS14.07,2014-04-29 12:00:36.506,1.0
AS14.07,2014-04-29 12:01:23.960,1.0
AS14.07,2014-04-29 12:02:18.710,1.0
AS14.07,2014-04-29 12:45:50.186,1.0
AS14.07,2014-04-29 12:45:58.809,1.0
AS14.07,2014-04-29 21:08:57.730,1.0
AS14.08,2014-02-17 12:51:38.029,1.0
AS14.08,2014-02-17 12:51:44.464,1.0
AS14.08,2014-02-17 14:14:34.601,1.0
AS14.08,2014-02-17 14:35:54.927,1.0
AS14.08,2014-02-18 23:05:39.954,1.0
AS14.08,2014-02-18 23:06:04.378,1.0
AS14.08,2014-02-28 14:33:57.878,1.0
AS14.08,2014-02-28 14:34:43.069,1.0
AS14.08,2014-02-28 14:35:27.938,1.0
AS14.08,2014-02-28 14:35:41.809,1.0
AS14.08,2014-03-03 16:03:25.003,1.0
AS14.08,2014-03-03 18:06:05.334,1.0
AS14.08,2014-03-03 18:23:20.259,1.0
AS14.08,2014-03-03 18:36:13.243,1.0
AS14.08,2014-03-03 19:06:37.023,1.0
AS14.08,2014-03-03 19:18:07.345,1.0
AS14.08,2014-03-03 19:23:11.045,1.0
AS14.08,2014-03-06 17:10:36.987,1.0
AS14.08,2014-03-06 17:58:04.838,1.0
AS14.08,2014-03-06 17:59:07.111,1.0
AS14.08,2014-03-06 17:59:29.335,1.0
AS14.08,2014-03-06 17:59:43.000,1.0
AS14.08,2014-03-06 18:01:13.293,1.0
AS14.08,2014-03-06 18:01:56.895,1.0
AS14.08,2014-03-06 18:18:23.006,1.0
AS14.08,2014-03-06 18:19:03.232,1.0
AS14.08,2014-03-06 21:29:49.793,1.0
AS14.08,2014-03-06 21:37:31.476,1.0
AS14.08,2014-03-06 21:38:08.395,1.0
AS14.08,2014-03-06 21:38:47.776,1.0
AS14.08,2014-03-07 20:44:07.921,1.0
AS14.08,2014-03-07 20:44:42.017,1.0
AS14.08,2014-03-07 20:44:59.266,1.0
AS14.08,2014-03-10 12:21:15.332,1.0
AS14.08,2014-03-10 12:58:52.085,1.0
AS14.08,2014-03-10 13:15:26.828,1.0
AS14.08,2014-03-10 21:17:54.841,1.0
AS14.08,2014-03-11 13:29:23.105,1.0
AS14.08,2014-03-11 15:21:42.835,1.0
AS14.08,2014-03-11 15:24:05.420,1.0
AS14.08,2014-03-13 11:20:50.841,1.0
AS14.08,2014-03-13 14:15:15.924,1.0
AS14.08,2014-03-13 14:16:58.565,1.0
AS14.08,2014-03-13 14:17:18.974,1.0
AS14.08,2014-03-13 15:24:20.025,1.0
AS14.08,2014-03-13 15:28:59.920,1.0
AS14.08,2014-03-13 17:00:18.788,1.0
AS14.08,2014-03-13 17:01:35.937,1.0
AS14.08,2014-03-13 17:46:35.009,1.0
AS14.08,2014-03-13 17:47:29.832,1.0
AS14.08,2014-03-13 17:48:37.177,1.0
AS14.08,2014-03-14 10:18:07.023,1.0
AS14.08,2014-03-14 10:19:20.736,1.0
AS14.08,2014-03-14 10:21:36.470,1.0
AS14.08,2014-03-14 10:21:59.444,1.0
AS14.08,2014-03-14 10:22:31.509,1.0
AS14.08,2014-03-14 10:22:56.023,1.0
AS14.08,2014-03-14 11:07:57.210,1.0
AS14.08,2014-03-14 11:08:32.680,1.0
AS14.08,2014-03-14 11:10:04.986,1.0
AS14.08,2014-03-14 11:10:25.009,1.0
AS14.08,2014-03-14 21:15:17.848,1.0
AS14.08,2014-03-15 11:38:02.131,1.0
AS14.08,2014-03-15 20:41:42.618,1.0
AS14.08,2014-03-15 22:01:54.555,1.0
AS14.08,2014-03-20 08:41:40.697,1.0
AS14.08,2014-03-21 18:03:39.351,1.0
AS14.08,2014-03-21 18:07:21.861,1.0
AS14.08,2014-03-21 18:08:26.592,1.0
AS14.08,2014-03-21 18:16:44.009,1.0
AS14.08,2014-03-25 22:01:33.953,1.0
AS14.08,2014-03-26 09:31:54.194,1.0
AS14.08,2014-03-26 13:47:48.946,1.0
AS14.08,2014-03-26 13:48:18.793,1.0
AS14.08,2014-03-26 18:13:39.858,1.0
AS14.08,2014-03-26 21:19:34.759,1.0
AS14.08,2014-03-27 17:02:19.457,1.0
AS14.08,2014-03-27 19:30:58.642,1.0
AS14.08,2014-03-27 19:31:21.894,1.0
AS14.08,2014-03-27 19:31:36.859,1.0
AS14.08,2014-03-27 19:31:59.509,1.0
AS14.08,2014-03-27 19:42:37.036,1.0
AS14.08,2014-03-28 11:52:04.038,1.0
AS14.08,2014-03-28 11:52:32.234,1.0
AS14.08,2014-03-28 11:52:46.338,1.0
AS14.08,2014-03-28 11:59:12.039,1.0
AS14.08,2014-03-28 12:05:52.799,1.0
AS14.08,2014-03-28 12:11:48.009,1.0
AS14.08,2014-03-28 12:52:34.872,1.0
AS14.08,2014-03-28 13:24:09.253,1.0
AS14.08,2014-03-28 14:44:06.365,1.0
AS14.08,2014-03-28 17:04:04.801,1.0
AS14.08,2014-03-28 18:02:14.719,1.0
AS14.08,2014-03-28 18:49:05.841,1.0
AS14.08,2014-03-29 21:11:20.950,1.0
AS14.08,2014-03-29 21:11:56.217,1.0
AS14.08,2014-04-07 10:38:52.632,1.0
AS14.08,2014-04-07 10:40:20.634,1.0
AS14.08,2014-04-07 10:40:49.505,1.0
AS14.08,2014-04-07 11:06:31.180,1.0
AS14.08,2014-04-07 11:07:07.882,1.0
AS14.08,2014-04-07 11:15:57.528,1.0
AS14.08,2014-04-27 12:01:59.091,1.0
AS14.08,2014-04-27 12:49:31.325,1.0
AS14.08,2014-04-27 12:50:44.217,1.0
AS14.09,2014-02-25 16:09:15.533,1.0
AS14.09,2014-02-25 16:10:12.891,1.0
AS14.09,2014-02-28 12:31:40.000,1.0
AS14.09,2014-02-28 12:58:38.000,1.0
AS14.09,2014-02-28 13:13:06.224,1.0
AS14.09,2014-02-28 13:14:23.315,1.0
AS14.09,2014-02-28 13:26:56.000,1.0
AS14.09,2014-03-01 19:15:10.000,1.0
AS14.09,2014-03-05 18:04:16.000,1.0
AS14.09,2014-03-07 22:18:08.000,1.0
AS14.09,2014-03-08 00:10:02.000,1.0
AS14.09,2014-03-08 00:30:41.000,1.0
AS14.09,2014-03-08 01:27:24.979,1.0
AS14.09,2014-03-08 01:32:03.000,1.0
AS14.09,2014-03-08 11:14:12.664,1.0
AS14.09,2014-03-08 12:50:44.000,1.0
AS14.09,2014-03-09 11:38:24.174,1.0
AS14.09,2014-03-09 11:43:12.000,1.0
AS14.09,2014-03-09 13:11:50.335,1.0
AS14.09,2014-03-12 13:04:52.000,1.0
AS14.09,2014-03-19 11:31:20.000,1.0
AS14.09,2014-03-19 11:46:15.000,1.0
AS14.09,2014-03-19 11:49:02.000,1.0
AS14.09,2014-03-19 11:49:44.000,1.0
AS14.09,2014-03-21 18:49:53.000,1.0
AS14.09,2014-03-23 13:02:13.000,1.0
AS14.09,2014-03-26 08:58:13.000,1.0
AS14.09,2014-03-26 16:09:09.000,1.0
AS14.09,2014-03-30 15:13:11.000,1.0
AS14.09,2014-04-04 09:39:40.000,1.0
AS14.09,2014-04-08 15:55:36.000,1.0
AS14.09,2014-04-13 23:05:04.000,1.0
AS14.09,2014-04-14 19:10:13.000,1.0
AS14.09,2014-04-15 23:59:51.000,1.0
AS14.09,2014-04-17 14:33:04.000,1.0
AS14.09,2014-04-18 13:21:26.000,1.0
AS14.09,2014-04-23 10:00:36.000,1.0
AS14.09,2014-04-23 18:01:48.000,1.0
AS14.12,2014-02-19 17:30:36.497,1.0
AS14.12,2014-02-26 08:11:41.219,1.0
AS14.12,2014-03-05 10:17:53.150,1.0
AS14.12,2014-03-07 00:00:32.453,1.0
AS14.12,2014-03-07 00:10:09.842,1.0
AS14.12,2014-03-07 00:38:17.275,1.0
AS14.12,2014-03-07 21:02:12.937,1.0
AS14.12,2014-03-07 22:48:53.740,1.0
AS14.12,2014-03-07 22:50:00.926,1.0
AS14.12,2014-03-07 23:35:02.790,1.0
AS14.12,2014-03-08 22:29:19.128,1.0
AS14.12,2014-03-09 00:51:52.726,1.0
AS14.12,2014-03-14 00:28:23.476,1.0
AS14.12,2014-03-14 00:33:06.197,1.0
AS14.12,2014-03-15 14:27:13.756,1.0
AS14.12,2014-03-15 14:32:03.033,1.0
AS14.12,2014-03-15 14:36:20.924,1.0
AS14.12,2014-03-25 20:39:31.319,1.0
AS14.12,2014-04-04 15:36:44.812,1.0
AS14.12,2014-04-04 16:01:19.236,1.0
AS14.12,2014-04-04 17:04:14.589,1.0
AS14.12,2014-04-05 00:28:11.180,1.0
AS14.12,2014-04-16 02:56:02.059,1.0
AS14.12,2014-04-16 03:19:32.884,1.0
AS14.12,2014-04-19 21:09:17.476,1.0
AS14.12,2014-04-19 21:24:04.946,1.0
AS14.12,2014-04-25 09:21:16.187,1.0
AS14.12,2014-04-28 12:39:32.236,1.0
AS14.12,2014-04-28 12:40:56.773,1.0
AS14.12,2014-04-28 12:43:22.954,1.0
AS14.12,2014-04-28 12:44:18.592,1.0
AS14.12,2014-04-28 19:24:58.584,1.0
AS14.12,2014-04-28 19:49:29.055,1.0
AS14.12,2014-04-28 20:15:46.828,1.0
AS14.12,2014-04-28 20:38:14.766,1.0
AS14.12,2014-05-01 18:37:14.589,1.0
AS14.12,2014-05-01 18:39:21.026,1.0
AS14.12,2014-05-03 19:21:02.894,1.0
AS14.13,2014-02-19 12:42:44.898,1.0
AS14.13,2014-02-19 14:34:45.207,1.0
AS14.13,2014-02-19 14:39:28.328,1.0
AS14.13,2014-02-20 16:07:07.658,1.0
AS14.13,2014-02-20 18:53:04.904,1.0
AS14.13,2014-02-21 18:10:44.770,1.0
AS14.13,2014-02-27 17:41:19.642,1.0
AS14.13,2014-02-28 14:19:14.588,1.0
AS14.13,2014-03-03 14:32:57.957,1.0
AS14.13,2014-03-03 14:45:17.403,1.0
AS14.13,2014-03-03 16:34:08.296,1.0
AS14.13,2014-03-04 17:27:40.025,1.0
AS14.13,2014-03-05 20:06:03.474,1.0
AS14.13,2014-03-06 12:57:32.553,1.0
AS14.13,2014-03-14 17:29:10.137,1.0
AS14.13,2014-03-14 20:00:47.318,1.0
AS14.13,2014-03-14 20:50:23.032,1.0
AS14.13,2014-03-15 05:40:41.559,1.0
AS14.13,2014-03-15 12:05:31.634,1.0
AS14.13,2014-03-15 13:05:24.861,1.0
AS14.13,2014-03-21 09:31:23.812,1.0
AS14.13,2014-03-21 09:35:43.249,1.0
AS14.13,2014-03-23 01:41:32.539,1.0
AS14.13,2014-03-23 01:42:25.694,1.0
AS14.13,2014-03-26 17:13:02.122,1.0
AS14.13,2014-03-27 08:15:57.565,1.0
AS14.13,2014-04-01 12:06:11.907,1.0
AS14.13,2014-04-01 13:39:39.831,1.0
AS14.13,2014-04-01 15:49:06.696,1.0
AS14.13,2014-04-03 13:02:49.265,1.0
AS14.13,2014-04-03 13:06:08.075,1.0
AS14.13,2014-04-03 14:44:39.696,1.0
AS14.13,2014-04-03 14:44:47.924,1.0
AS14.13,2014-04-03 14:44:58.023,1.0
AS14.13,2014-04-03 14:45:10.503,1.0
AS14.13,2014-04-03 18:36:00.898,1.0
AS14.13,2014-04-04 09:28:03.226,1.0
AS14.13,2014-04-04 12:53:38.201,1.0
AS14.13,2014-04-04 22:00:12.759,1.0
AS14.13,2014-04-07 13:37:48.789,1.0
AS14.13,2014-04-12 16:03:33.969,1.0
AS14.13,2014-04-12 17:47:14.677,1.0
AS14.13,2014-04-12 17:48:43.532,1.0
AS14.13,2014-04-12 20:00:14.069,1.0
AS14.13,2014-04-12 21:26:30.900,1.0
AS14.13,2014-04-12 21:26:57.450,1.0
AS14.13,2014-04-13 17:42:17.677,1.0
AS14.13,2014-04-13 17:42:40.033,1.0
AS14.13,2014-04-15 17:43:55.471,1.0
AS14.13,2014-04-17 22:19:54.533,1.0
AS14.13,2014-04-22 23:47:03.226,1.0
AS14.13,2014-04-23 17:52:59.023,1.0
AS14.13,2014-04-23 20:22:37.293,1.0
AS14.14,2014-02-17 07:49:19.635,1.0
AS14.14,2014-02-17 16:51:59.161,1.0
AS14.14,2014-02-17 16:52:48.884,1.0
AS14.14,2014-02-17 16:53:22.016,1.0
AS14.14,2014-02-17 16:54:06.937,1.0
AS14.14,2014-02-17 16:54:51.516,1.0
AS14.14,2014-02-17 16:55:45.894,1.0
AS14.14,2014-02-20 14:48:16.987,1.0
AS14.14,2014-02-21 20:36:11.243,1.0
AS14.14,2014-02-22 00:18:50.500,1.0
AS14.14,2014-02-22 00:19:37.108,1.0
AS14.14,2014-02-22 00:30:36.812,1.0
AS14.14,2014-02-22 00:31:09.338,1.0
AS14.14,2014-02-25 16:35:35.545,1.0
AS14.14,2014-02-25 17:59:05.410,1.0
AS14.14,2014-02-28 14:49:34.336,1.0
AS14.14,2014-02-28 14:54:41.118,1.0
AS14.14,2014-02-28 14:56:07.061,1.0
AS14.14,2014-02-28 16:16:20.546,1.0
AS14.14,2014-02-28 16:19:20.888,1.0
AS14.14,2014-02-28 16:36:58.917,1.0
AS14.14,2014-02-28 16:37:42.480,1.0
AS14.14,2014-02-28 16:42:29.990,1.0
AS14.14,2014-02-28 16:43:48.576,1.0
AS14.14,2014-02-28 17:28:07.483,1.0
AS14.14,2014-02-28 17:28:54.885,1.0
AS14.14,2014-03-02 12:23:48.640,1.0
AS14.14,2014-03-02 22:19:12.388,1.0
AS14.14,2014-03-03 12:28:44.368,1.0
AS14.14,2014-03-03 12:30:21.507,1.0
AS14.14,2014-03-03 12:31:03.589,1.0
AS14.14,2014-03-03 12:38:42.417,1.0
AS14.14,2014-03-03 12:52:37.586,1.0
AS14.14,2014-03-03 12:53:27.367,1.0
AS14.14,2014-03-04 16:01:54.701,1.0
AS14.14,2014-03-04 16:03:14.326,1.0
AS14.14,2014-03-04 16:06:41.516,1.0
AS14.14,2014-03-04 16:19:54.316,1.0
AS14.14,2014-03-04 19:45:55.744,1.0
AS14.14,2014-03-04 19:46:30.315,1.0
AS14.14,2014-03-05 13:01:45.476,1.0
AS14.14,2014-03-05 13:02:19.875,1.0
AS14.14,2014-03-05 13:07:27.109,1.0
AS14.14,2014-03-05 15:15:20.782,1.0
AS14.14,2014-03-05 15:47:55.279,1.0
AS14.14,2014-03-06 18:10:15.020,1.0
AS14.14,2014-03-06 19:34:15.976,1.0
AS14.14,2014-03-07 10:18:05.237,1.0
AS14.14,2014-03-07 16:24:50.857,1.0
AS14.14,2014-03-10 12:19:26.904,1.0
AS14.14,2014-03-10 12:24:34.153,1.0
AS14.14,2014-03-10 12:43:37.029,1.0
AS14.14,2014-03-10 12:46:56.584,1.0
AS14.14,2014-03-13 19:00:31.056,1.0
AS14.14,2014-03-13 19:10:34.726,1.0
AS14.14,2014-03-13 19:12:52.795,1.0
AS14.14,2014-03-13 19:13:33.289,1.0
AS14.14,2014-03-14 11:36:10.872,1.0
AS14.14,2014-03-18 17:14:25.960,1.0
AS14.14,2014-03-18 17:37:21.538,1.0
AS14.14,2014-03-19 11:08:04.522,1.0
AS14.14,2014-03-25 21:03:29.381,1.0
AS14.14,2014-03-26 13:28:43.743,1.0
AS14.14,2014-03-29 22:14:41.503,1.0
AS14.14,2014-03-31 15:22:46.637,1.0
AS14.14,2014-03-31 15:34:41.848,1.0
AS14.14,2014-04-07 15:36:58.954,1.0
AS14.14,2014-04-17 15:34:35.170,1.0
AS14.14,2014-04-19 20:02:06.911,1.0
AS14.14,2014-04-20 21:15:36.924,1.0
AS14.14,2014-04-22 09:23:06.628,1.0
AS14.14,2014-04-26 12:33:05.035,1.0
AS14.15,2014-02-19 17:12:12.348,1.0
AS14.15,2014-02-19 22:33:26.956,1.0
AS14.15,2014-02-19 22:46:15.816,1.0
AS14.15,2014-02-19 22:50:17.526,1.0
AS14.15,2014-02-19 22:53:09.519,1.0
AS14.15,2014-02-19 22:57:26.739,1.0
AS14.15,2014-02-19 22:58:48.516,1.0
AS14.15,2014-02-19 23:03:22.736,1.0
AS14.15,2014-02-19 23:06:31.088,1.0
AS14.15,2014-02-19 23:27:33.167,1.0
AS14.15,2014-02-20 18:38:25.573,1.0
AS14.15,2014-02-20 18:41:38.084,1.0
AS14.15,2014-02-20 18:57:45.778,1.0
AS14.15,2014-02-20 20:02:01.859,1.0
AS14.15,2014-02-20 21:00:13.601,1.0
AS14.15,2014-02-21 14:06:12.029,1.0
AS14.15,2014-02-22 22:12:10.759,1.0
AS14.15,2014-02-22 23:13:49.207,1.0
AS14.15,2014-02-22 23:16:13.157,1.0
AS14.15,2014-02-23 04:34:12.937,1.0
AS14.15,2014-02-23 23:28:39.721,1.0
AS14.15,2014-02-24 08:34:45.085,1.0
AS14.15,2014-02-25 14:15:45.608,1.0
AS14.15,2014-02-25 15:24:19.253,1.0
AS14.15,2014-02-25 15:32:05.588,1.0
AS14.15,2014-02-25 15:42:39.924,1.0
AS14.15,2014-02-26 10:59:53.301,1.0
AS14.15,2014-02-26 11:00:06.460,1.0
AS14.15,2014-02-26 11:44:31.025,1.0
AS14.15,2014-03-04 18:19:18.346,1.0
AS14.15,2014-03-12 15:40:55.388,1.0
AS14.15,2014-03-14 10:44:18.858,1.0
AS14.15,2014-03-20 12:56:59.130,1.0
AS14.15,2014-03-20 12:57:56.283,1.0
AS14.15,2014-03-20 12:58:36.357,1.0
AS14.15,2014-03-20 13:05:53.632,1.0
AS14.15,2014-03-20 13:07:02.395,1.0
AS14.15,2014-03-20 13:30:08.115,1.0
AS14.15,2014-03-20 13:56:01.607,1.0
AS14.15,2014-03-26 11:09:57.934,1.0
AS14.15,2014-03-26 11:11:02.348,1.0
AS14.15,2014-03-26 14:36:45.857,1.0
AS14.15,2014-03-31 10:31:59.607,1.0
AS14.15,2014-03-31 12:34:19.414,1.0
AS14.15,2014-03-31 13:13:20.470,1.0
AS14.15,2014-03-31 13:13:29.303,1.0
AS14.15,2014-03-31 14:13:04.931,1.0
AS14.15,2014-03-31 14:46:23.674,1.0
AS14.15,2014-03-31 22:46:21.512,1.0
AS14.15,2014-04-01 16:49:39.815,1.0
AS14.15,2014-04-01 17:00:25.295,1.0
AS14.15,2014-04-01 18:47:14.767,1.0
AS14.15,2014-04-01 18:49:52.168,1.0
AS14.15,2014-04-02 14:09:29.743,1.0
AS14.15,2014-04-06 18:01:06.493,1.0
AS14.15,2014-04-07 14:15:28.164,1.0
AS14.15,2014-04-08 12:08:39.233,1.0
AS14.15,2014-04-08 12:09:56.061,1.0
AS14.15,2014-04-08 16:44:15.048,1.0
AS14.15,2014-04-12 10:58:38.371,1.0
AS14.15,2014-04-13 12:40:19.328,1.0
AS14.15,2014-04-13 22:58:10.321,1.0
AS14.15,2014-04-24 09:43:11.913,1.0
AS14.15,2014-04-24 16:56:49.338,1.0
AS14.15,2014-04-24 17:00:43.298,1.0
AS14.15,2014-04-24 17:55:20.507,1.0
AS14.15,2014-04-24 18:09:57.276,1.0
AS14.15,2014-04-24 18:25:17.101,1.0
AS14.15,2014-04-24 19:01:57.469,1.0
AS14.15,2014-04-24 19:02:59.812,1.0
AS14.15,2014-04-24 19:28:07.055,1.0
AS14.15,2014-04-24 20:39:10.421,1.0
AS14.15,2014-04-24 20:39:26.203,1.0
AS14.15,2014-04-24 20:45:37.982,1.0
AS14.15,2014-04-25 11:27:50.079,1.0
AS14.15,2014-04-25 11:28:11.559,1.0
AS14.15,2014-04-25 12:43:05.974,1.0
AS14.15,2014-04-25 12:45:16.709,1.0
AS14.15,2014-05-03 10:44:50.232,1.0
AS14.15,2014-05-06 15:21:06.828,1.0
AS14.15,2014-05-06 15:21:33.431,1.0
AS14.16,2014-02-21 13:19:37.680,1.0
AS14.16,2014-02-22 23:22:27.599,1.0
AS14.16,2014-02-25 18:07:49.269,1.0
AS14.16,2014-02-28 02:43:39.213,1.0
AS14.16,2014-03-02 17:45:58.471,1.0
AS14.16,2014-03-02 18:02:13.348,1.0
AS14.16,2014-03-02 18:02:40.003,1.0
AS14.16,2014-03-07 19:06:21.538,1.0
AS14.16,2014-03-07 20:00:33.891,1.0
AS14.16,2014-03-07 20:03:28.155,1.0
AS14.16,2014-03-08 10:31:02.877,1.0
AS14.16,2014-03-11 19:09:13.947,1.0
AS14.16,2014-03-12 21:21:51.604,1.0
AS14.16,2014-03-12 21:23:04.785,1.0
AS14.16,2014-03-14 19:09:17.831,1.0
AS14.16,2014-03-14 19:46:00.401,1.0
AS14.16,2014-03-14 20:00:24.739,1.0
AS14.16,2014-03-15 17:55:46.045,1.0
AS14.16,2014-03-15 18:26:50.207,1.0
AS14.16,2014-03-16 18:30:38.029,1.0
AS14.16,2014-03-16 20:37:12.028,1.0
AS14.16,2014-03-16 20:44:51.144,1.0
AS14.16,2014-03-18 18:50:24.999,1.0
AS14.16,2014-03-20 17:40:09.431,1.0
AS14.16,2014-03-20 17:40:29.835,1.0
AS14.16,2014-03-20 17:47:11.898,1.0
AS14.16,2014-03-20 18:15:18.299,1.0
AS14.16,2014-03-22 15:20:57.961,1.0
AS14.16,2014-03-22 15:49:00.717,1.0
AS14.16,2014-03-23 11:01:07.976,1.0
AS14.16,2014-03-23 11:04:46.809,1.0
AS14.16,2014-03-23 11:05:40.642,1.0
AS14.16,2014-03-25 10:27:23.095,1.0
AS14.16,2014-03-26 15:53:49.278,1.0
AS14.16,2014-03-27 12:48:43.561,1.0
AS14.16,2014-03-27 12:59:11.270,1.0
AS14.16,2014-03-27 13:07:15.686,1.0
AS14.16,2014-03-27 13:07:53.783,1.0
AS14.16,2014-03-27 13:09:01.941,1.0
AS14.16,2014-03-27 13:14:04.322,1.0
AS14.16,2014-03-27 13:28:23.940,1.0
AS14.16,2014-03-27 13:29:27.101,1.0
AS14.16,2014-03-27 17:53:25.006,1.0
AS14.16,2014-03-27 18:05:14.625,1.0
AS14.16,2014-03-27 19:20:19.742,1.0
AS14.16,2014-03-27 19:41:56.861,1.0
AS14.16,2014-03-27 19:58:10.526,1.0
AS14.16,2014-03-27 20:27:59.039,1.0
AS14.16,2014-03-27 20:29:08.611,1.0
AS14.16,2014-03-29 21:38:33.223,1.0
AS14.16,2014-03-29 21:40:06.211,1.0
AS14.16,2014-03-31 13:05:10.109,1.0
AS14.16,2014-03-31 14:18:10.338,1.0
AS14.16,2014-03-31 14:28:58.970,1.0
AS14.16,2014-03-31 15:52:55.503,1.0
AS14.16,2014-03-31 15:54:15.273,1.0
AS14.16,2014-03-31 20:28:29.953,1.0
AS14.16,2014-03-31 23:14:51.989,1.0
AS14.16,2014-04-01 08:13:05.042,1.0
AS14.16,2014-04-04 17:18:06.028,1.0
AS14.16,2014-04-04 17:19:22.867,1.0
AS14.16,2014-04-04 23:35:19.749,1.0
AS14.16,2014-04-04 23:37:15.417,1.0
AS14.16,2014-04-07 17:12:38.561,1.0
AS14.16,2014-04-08 17:25:40.786,1.0
AS14.16,2014-04-10 10:53:41.428,1.0
AS14.16,2014-04-13 13:31:05.897,1.0
AS14.16,2014-04-13 13:36:24.875,1.0
AS14.16,2014-04-15 19:49:44.066,1.0
AS14.16,2014-04-15 20:01:23.364,1.0
AS14.16,2014-04-16 18:14:45.976,1.0
AS14.16,2014-04-16 18:15:20.898,1.0
AS14.16,2014-04-16 18:22:42.578,1.0
AS14.16,2014-04-16 19:16:54.661,1.0
AS14.16,2014-04-18 00:51:32.500,1.0
AS14.16,2014-04-18 01:29:48.085,1.0
AS14.16,2014-04-18 12:24:34.220,1.0
AS14.16,2014-04-18 12:39:30.344,1.0
AS14.16,2014-04-19 22:03:10.364,1.0
AS14.16,2014-04-20 00:52:27.908,1.0
AS14.16,2014-04-22 14:39:50.000,1.0
AS14.16,2014-04-23 23:40:49.874,1.0
AS14.16,2014-04-24 18:30:50.871,1.0
AS14.16,2014-04-25 10:22:22.555,1.0
AS14.16,2014-04-25 10:22:47.555,1.0
AS14.16,2014-04-25 10:29:18.015,1.0
AS14.16,2014-04-25 10:29:50.857,1.0
AS14.16,2014-04-25 10:30:26.750,1.0
AS14.16,2014-04-25 11:07:17.279,1.0
AS14.16,2014-04-25 11:29:22.908,1.0
AS14.16,2014-04-25 13:20:51.609,1.0
AS14.16,2014-04-25 14:58:37.282,1.0
AS14.16,2014-04-25 15:12:40.882,1.0
AS14.16,2014-04-25 22:06:11.532,1.0
AS14.16,2014-04-25 23:47:36.713,1.0
AS14.16,2014-04-26 00:58:02.763,1.0
AS14.16,2014-04-26 12:18:58.723,1.0
AS14.16,2014-04-26 12:20:09.492,1.0
AS14.16,2014-04-28 17:54:33.440,1.0
AS14.16,2014-04-29 07:38:14.619,1.0
AS14.16,2014-04-29 15:05:21.303,1.0
AS14.16,2014-04-29 15:05:37.404,1.0
AS14.16,2014-04-29 18:25:54.678,1.0
AS14.16,2014-05-01 17:42:30.783,1.0
AS14.16,2014-05-01 18:13:02.964,1.0
AS14.17,2014-02-17 08:57:16.313,1.0
AS14.17,2014-02-17 09:00:42.312,1.0
AS14.17,2014-02-17 09:01:34.747,1.0
AS14.17,2014-02-22 19:03:38.542,1.0
AS14.17,2014-02-22 19:07:28.509,1.0
AS14.17,2014-02-24 22:49:48.177,1.0
AS14.17,2014-02-25 08:52:30.184,1.0
AS14.17,2014-03-01 11:56:34.948,1.0
AS14.17,2014-03-01 11:58:00.707,1.0
AS14.17,2014-03-01 12:37:14.586,1.0
AS14.17,2014-03-02 17:55:24.431,1.0
AS14.17,2014-03-02 17:58:21.690,1.0
AS14.17,2014-03-05 17:06:50.072,1.0
AS14.17,2014-03-13 19:57:22.398,1.0
AS14.17,2014-03-13 20:31:27.209,1.0
AS14.17,2014-03-15 15:20:23.601,1.0
AS14.17,2014-03-17 15:55:19.234,1.0
AS14.17,2014-03-23 20:24:28.582,1.0
AS14.17,2014-03-29 21:21:58.726,1.0
AS14.17,2014-04-01 14:25:54.943,1.0
AS14.17,2014-04-01 16:39:21.852,1.0
AS14.17,2014-04-03 14:11:00.914,1.0
AS14.17,2014-04-04 15:22:33.671,1.0
AS14.17,2014-04-05 11:20:33.680,1.0
AS14.17,2014-04-05 11:22:09.240,1.0
AS14.17,2014-04-05 21:49:11.098,1.0
AS14.17,2014-04-06 13:48:20.630,1.0
AS14.17,2014-04-08 14:38:47.539,1.0
AS14.17,2014-04-15 21:12:55.776,1.0
AS14.17,2014-04-16 12:53:53.753,1.0
AS14.17,2014-04-17 20:24:44.711,1.0
AS14.17,2014-04-17 20:25:18.076,1.0
AS14.17,2014-04-22 20:57:13.529,1.0
AS14.17,2014-04-22 21:02:44.865,1.0
AS14.17,2014-04-25 11:38:52.589,1.0
AS14.17,2014-04-26 09:50:56.769,1.0
AS14.17,2014-04-27 21:13:24.124,1.0
AS14.17,2014-04-27 21:15:03.039,1.0
AS14.17,2014-05-01 19:12:40.124,1.0
AS14.17,2014-05-03 17:03:43.885,1.0
AS14.17,2014-05-03 17:14:03.766,1.0
AS14.17,2014-05-03 17:21:15.002,1.0
AS14.19,2014-02-20 18:46:05.161,1.0
AS14.19,2014-02-20 19:22:46.660,1.0
AS14.19,2014-02-23 00:41:13.951,1.0
AS14.19,2014-02-23 10:28:12.164,1.0
AS14.19,2014-02-27 19:02:19.322,1.0
AS14.19,2014-03-02 14:42:57.566,1.0
AS14.19,2014-03-02 20:58:03.826,1.0
AS14.19,2014-03-08 18:30:42.960,1.0
AS14.19,2014-03-10 13:58:05.290,1.0
AS14.19,2014-03-10 14:35:55.948,1.0
AS14.19,2014-03-10 14:41:19.628,1.0
AS14.19,2014-03-10 14:53:25.055,1.0
AS14.19,2014-03-12 15:51:50.937,1.0
AS14.19,2014-03-12 16:17:55.693,1.0
AS14.19,2014-03-12 16:19:17.884,1.0
AS14.19,2014-03-14 15:05:52.345,1.0
AS14.19,2014-03-16 15:48:13.375,1.0
AS14.19,2014-03-16 15:53:31.668,1.0
AS14.19,2014-03-27 14:41:35.900,1.0
AS14.19,2014-03-28 01:00:45.342,1.0
AS14.19,2014-03-29 15:22:37.355,1.0
AS14.19,2014-03-29 16:36:52.982,1.0
AS14.19,2014-03-31 09:19:22.142,1.0
AS14.19,2014-04-06 12:45:46.390,1.0
AS14.19,2014-04-08 11:36:30.380,1.0
AS14.19,2014-04-08 15:36:42.128,1.0
AS14.19,2014-04-09 19:08:07.269,1.0
AS14.19,2014-04-16 16:51:36.783,1.0
AS14.19,2014-04-18 18:02:42.059,1.0
AS14.19,2014-04-23 14:14:55.753,1.0
AS14.19,2014-04-26 22:52:23.957,1.0
AS14.19,2014-05-03 16:06:08.329,1.0
AS14.19,2014-05-03 17:09:30.105,1.0
AS14.20,2014-02-17 09:52:02.075,1.0
AS14.20,2014-02-17 23:23:22.592,1.0
AS14.20,2014-02-18 12:25:44.914,1.0
AS14.20,2014-02-19 08:54:35.367,1.0
AS14.20,2014-02-21 10:57:57.765,1.0
AS14.20,2014-02-21 10:59:28.453,1.0
AS14.20,2014-02-25 09:56:19.253,1.0
AS14.20,2014-02-26 07:35:01.538,1.0
AS14.20,2014-03-03 08:57:29.865,1.0
AS14.20,2014-03-04 12:57:30.204,1.0
AS14.20,2014-03-04 13:19:33.755,1.0
AS14.20,2014-03-04 13:27:58.144,1.0
AS14.20,2014-03-04 16:01:53.463,1.0
AS14.20,2014-03-05 17:18:39.319,1.0
AS14.20,2014-03-06 08:54:16.963,1.0
AS14.20,2014-03-06 09:06:18.513,1.0
AS14.20,2014-03-06 16:15:09.970,1.0
AS14.20,2014-03-10 09:58:38.529,1.0
AS14.20,2014-03-15 15:15:28.065,1.0
AS14.20,2014-03-17 08:58:18.431,1.0
AS14.20,2014-03-23 22:47:10.770,1.0
AS14.20,2014-03-24 08:57:24.957,1.0
AS14.20,2014-03-30 04:04:55.496,1.0
AS14.20,2014-03-30 23:00:59.154,1.0
AS14.20,2014-03-31 09:44:11.977,1.0
AS14.20,2014-03-31 09:46:51.441,1.0
AS14.20,2014-03-31 09:50:39.555,1.0
AS14.20,2014-04-01 11:52:01.313,1.0
AS14.20,2014-04-01 11:52:42.216,1.0
AS14.20,2014-04-01 11:54:23.180,1.0
AS14.20,2014-04-01 12:09:26.944,1.0
AS14.20,2014-04-06 22:33:39.151,1.0
AS14.20,2014-04-07 18:41:02.926,1.0
AS14.20,2014-04-08 21:21:53.362,1.0
AS14.20,2014-04-08 21:28:21.463,1.0
AS14.20,2014-04-09 08:56:12.532,1.0
AS14.20,2014-04-09 10:55:19.940,1.0
AS14.20,2014-04-09 12:56:38.280,1.0
AS14.20,2014-04-09 17:42:04.654,1.0
AS14.20,2014-04-10 14:31:23.423,1.0
AS14.20,2014-04-12 16:02:23.117,1.0
AS14.20,2014-04-14 09:55:16.520,1.0
AS14.20,2014-04-14 16:56:26.401,1.0
AS14.20,2014-04-16 09:56:24.042,1.0
AS14.20,2014-04-17 12:46:33.648,1.0
AS14.20,2014-04-21 17:54:15.224,1.0
AS14.20,2014-04-22 12:33:43.969,1.0
AS14.20,2014-04-22 12:40:06.272,1.0
AS14.20,2014-04-22 12:45:49.890,1.0
AS14.20,2014-04-22 12:48:57.670,1.0
AS14.20,2014-04-22 12:52:21.849,1.0
AS14.20,2014-04-22 13:58:05.894,1.0
AS14.20,2014-04-23 14:34:55.903,1.0
AS14.20,2014-04-26 17:23:42.000,1.0
AS14.23,2014-02-18 00:13:59.686,1.0
AS14.23,2014-02-21 09:25:37.318,1.0
AS14.23,2014-02-21 14:17:17.520,1.0
AS14.23,2014-02-21 22:07:06.631,1.0
AS14.23,2014-02-21 22:11:49.960,1.0
AS14.23,2014-02-22 00:41:47.588,1.0
AS14.23,2014-02-22 19:09:08.635,1.0
AS14.23,2014-02-22 19:11:00.440,1.0
AS14.23,2014-02-22 20:43:30.733,1.0
AS14.23,2014-02-23 00:50:34.467,1.0
AS14.23,2014-02-23 19:40:24.463,1.0
AS14.23,2014-02-23 19:42:42.490,1.0
AS14.23,2014-02-23 19:43:58.801,1.0
AS14.23,2014-02-23 19:45:43.551,1.0
AS14.23,2014-02-28 12:46:21.976,1.0
AS14.23,2014-03-01 17:15:12.196,1.0
AS14.23,2014-03-10 09:54:51.401,1.0
AS14.23,2014-03-13 16:29:24.355,1.0
AS14.23,2014-03-16 12:43:12.904,1.0
AS14.23,2014-03-19 10:49:49.269,1.0
AS14.23,2014-03-22 15:44:07.448,1.0
AS14.23,2014-03-26 07:15:33.522,1.0
AS14.23,2014-04-02 16:24:14.016,1.0
AS14.23,2014-04-04 14:53:49.312,1.0
AS14.23,2014-04-07 19:23:21.786,1.0
AS14.23,2014-04-10 09:59:03.181,1.0
AS14.23,2014-04-24 11:26:56.767,1.0
AS14.23,2014-04-27 14:55:36.079,1.0
AS14.23,2014-04-28 12:03:05.671,1.0
AS14.23,2014-04-28 14:03:03.638,1.0
AS14.24,2014-04-09 10:47:41.782,1.0
AS14.24,2014-04-09 10:50:21.644,1.0
AS14.24,2014-04-09 16:49:48.345,1.0
AS14.24,2014-04-10 11:11:46.309,1.0
AS14.24,2014-04-10 22:21:27.989,1.0
AS14.24,2014-04-10 22:21:36.240,1.0
AS14.24,2014-04-11 13:30:19.625,1.0
AS14.24,2014-04-14 18:31:39.084,1.0
AS14.24,2014-04-15 14:17:27.546,1.0
AS14.24,2014-04-16 13:38:11.891,1.0
AS14.24,2014-04-16 20:46:45.920,1.0
AS14.24,2014-04-16 23:19:10.065,1.0
AS14.24,2014-04-17 01:36:58.042,1.0
AS14.24,2014-04-17 07:41:35.282,1.0
AS14.24,2014-04-17 22:20:35.999,1.0
AS14.24,2014-04-18 12:45:53.105,1.0
AS14.24,2014-04-19 05:29:01.282,1.0
AS14.24,2014-04-22 11:40:59.153,1.0
AS14.24,2014-04-25 11:15:50.344,1.0
AS14.24,2014-04-26 14:33:47.454,1.0
AS14.24,2014-04-26 14:43:29.322,1.0
AS14.24,2014-04-26 15:01:37.788,1.0
AS14.24,2014-04-26 19:43:24.654,1.0
AS14.24,2014-04-26 21:25:00.369,1.0
AS14.24,2014-04-28 06:43:50.838,1.0
AS14.24,2014-04-30 16:58:21.112,1.0
AS14.24,2014-04-30 16:59:29.805,1.0
AS14.24,2014-05-08 09:07:57.743,1.0
AS14.24,2014-05-11 18:32:20.726,1.0
AS14.24,2014-05-11 18:33:33.312,1.0
AS14.24,2014-05-14 13:16:36.622,1.0
AS14.24,2014-05-15 09:14:26.832,1.0
AS14.24,2014-05-15 19:46:21.392,1.0
AS14.24,2014-05-15 21:07:18.473,1.0
AS14.24,2014-05-15 21:09:53.793,1.0
AS14.24,2014-05-18 17:51:59.384,1.0
AS14.24,2014-05-18 21:41:52.520,1.0
AS14.24,2014-05-19 17:31:02.772,1.0
AS14.24,2014-05-20 14:46:52.371,1.0
AS14.24,2014-05-21 18:34:13.020,1.0
AS14.24,2014-05-21 23:59:13.755,1.0
AS14.24,2014-05-22 07:19:51.405,1.0
AS14.24,2014-05-22 14:55:15.147,1.0
AS14.24,2014-05-26 11:57:58.145,1.0
AS14.24,2014-05-27 11:05:22.539,1.0
AS14.24,2014-05-28 16:23:01.775,1.0
AS14.24,2014-05-28 17:20:10.743,1.0
AS14.24,2014-05-28 17:22:55.776,1.0
AS14.24,2014-05-28 17:24:16.865,1.0
AS14.24,2014-06-03 00:59:04.437,1.0
AS14.24,2014-06-03 08:35:37.848,1.0
AS14.24,2014-06-03 20:29:53.717,1.0
AS14.24,2014-06-03 21:18:17.747,1.0
AS14.24,2014-06-03 21:18:54.773,1.0
AS14.24,2014-06-03 22:56:28.444,1.0
AS14.24,2014-06-03 22:58:15.121,1.0
AS14.24,2014-06-03 23:34:17.766,1.0
AS14.24,2014-06-03 23:37:56.969,1.0
AS14.24,2014-06-04 17:56:41.569,1.0
AS14.24,2014-06-07 10:19:31.332,1.0
AS14.24,2014-06-07 11:42:55.040,1.0
AS14.25,2014-03-29 00:28:37.701,1.0
AS14.25,2014-03-29 00:30:25.394,1.0
AS14.25,2014-03-29 00:31:49.038,1.0
AS14.25,2014-03-29 00:42:21.450,1.0
AS14.25,2014-03-29 17:43:35.571,1.0
AS14.25,2014-03-30 16:18:20.884,1.0
AS14.25,2014-03-30 16:33:47.009,1.0
AS14.25,2014-03-30 18:49:50.663,1.0
AS14.25,2014-03-30 18:50:09.246,1.0
AS14.25,2014-03-31 15:40:51.825,1.0
AS14.25,2014-03-31 17:53:43.648,1.0
AS14.25,2014-04-06 10:26:30.956,1.0
AS14.25,2014-04-06 10:29:09.125,1.0
AS14.25,2014-04-06 10:31:34.000,1.0
AS14.25,2014-04-06 10:32:03.358,1.0
AS14.25,2014-04-06 10:42:22.871,1.0
AS14.25,2014-04-06 10:42:37.971,1.0
AS14.25,2014-04-06 10:44:04.477,1.0
AS14.25,2014-04-06 10:45:51.322,1.0
AS14.25,2014-04-07 15:54:59.983,1.0
AS14.25,2014-04-08 07:28:33.180,1.0
AS14.25,2014-04-08 18:10:32.035,1.0
AS14.25,2014-04-09 16:20:07.380,1.0
AS14.25,2014-04-09 16:22:35.578,1.0
AS14.25,2014-04-10 21:05:05.944,1.0
AS14.25,2014-04-11 00:10:43.048,1.0
AS14.25,2014-04-11 00:36:30.299,1.0
AS14.25,2014-04-11 00:39:45.934,1.0
AS14.25,2014-04-11 00:41:47.950,1.0
AS14.25,2014-04-11 12:36:24.581,1.0
AS14.25,2014-04-11 14:48:11.256,1.0
AS14.25,2014-04-11 14:48:30.434,1.0
AS14.25,2014-04-12 16:52:17.776,1.0
AS14.25,2014-04-15 14:31:26.683,1.0
AS14.25,2014-04-16 15:25:26.783,1.0
AS14.25,2014-04-16 17:05:14.759,1.0
AS14.25,2014-04-16 19:41:39.494,1.0
AS14.25,2014-04-18 00:14:01.214,1.0
AS14.25,2014-04-18 00:15:55.196,1.0
AS14.25,2014-04-18 00:16:25.443,1.0
AS14.25,2014-04-18 00:19:10.486,1.0
AS14.25,2014-04-18 00:22:28.802,1.0
AS14.25,2014-04-18 00:23:42.276,1.0
AS14.25,2014-04-18 01:27:17.676,1.0
AS14.25,2014-04-18 01:28:33.576,1.0
AS14.25,2014-04-18 12:09:55.490,1.0
AS14.25,2014-04-18 13:06:01.444,1.0
AS14.25,2014-04-18 13:44:36.042,1.0
AS14.25,2014-04-18 16:09:38.476,1.0
AS14.25,2014-04-18 16:11:45.394,1.0
AS14.25,2014-04-18 16:19:54.891,1.0
AS14.25,2014-04-21 09:14:36.063,1.0
AS14.25,2014-04-21 10:58:32.756,1.0
AS14.25,2014-04-21 11:00:01.190,1.0
AS14.25,2014-04-21 11:35:53.334,1.0
AS14.25,2014-04-21 12:40:52.746,1.0
AS14.25,2014-04-21 13:11:01.617,1.0
AS14.25,2014-04-21 14:12:07.559,1.0
AS14.25,2014-04-21 14:17:15.788,1.0
AS14.25,2014-04-21 14:18:06.121,1.0
AS14.25,2014-04-21 14:19:58.227,1.0
AS14.25,2014-04-23 11:03:38.608,1.0
AS14.25,2014-04-23 11:05:14.849,1.0
AS14.25,2014-04-23 15:43:32.365,1.0
AS14.25,2014-04-23 15:51:02.946,1.0
AS14.25,2014-04-28 12:57:33.196,1.0
AS14.25,2014-04-28 17:30:07.170,1.0
AS14.25,2014-04-28 18:04:53.082,1.0
AS14.25,2014-04-28 19:05:32.608,1.0
AS14.25,2014-04-29 15:02:01.573,1.0
AS14.25,2014-04-29 15:02:43.296,1.0
AS14.25,2014-04-29 15:04:27.322,1.0
AS14.25,2014-04-29 15:04:35.539,1.0
AS14.25,2014-04-29 15:04:43.203,1.0
AS14.25,2014-04-29 15:05:05.371,1.0
AS14.25,2014-04-29 15:05:32.411,1.0
AS14.25,2014-04-29 15:06:18.023,1.0
AS14.25,2014-04-29 15:07:04.673,1.0
AS14.25,2014-04-29 15:07:08.358,1.0
AS14.25,2014-04-30 09:52:28.959,1.0
AS14.25,2014-04-30 22:29:06.171,1.0
AS14.25,2014-05-02 17:45:54.660,1.0
AS14.25,2014-05-02 22:29:32.671,1.0
AS14.25,2014-05-04 23:30:20.049,1.0
AS14.25,2014-05-07 09:50:57.948,1.0
AS14.26,2014-02-18 15:50:38.710,1.0
AS14.26,2014-02-18 16:59:59.305,1.0
AS14.26,2014-02-21 16:14:36.051,1.0
AS14.26,2014-02-22 20:45:40.193,1.0
AS14.26,2014-02-22 21:12:17.217,1.0
AS14.26,2014-02-22 21:14:08.924,1.0
AS14.26,2014-02-22 21:15:34.759,1.0
AS14.26,2014-02-22 22:49:41.651,1.0
AS14.26,2014-02-22 22:52:59.032,1.0
AS14.26,2014-02-22 22:56:15.138,1.0
AS14.26,2014-02-22 22:57:16.094,1.0
AS14.26,2014-02-22 22:59:50.459,1.0
AS14.26,2014-02-22 23:00:02.028,1.0
AS14.26,2014-02-22 23:06:25.348,1.0
AS14.26,2014-02-22 23:06:54.910,1.0
AS14.26,2014-02-22 23:07:49.973,1.0
AS14.26,2014-02-22 23:43:39.892,1.0
AS14.26,2014-02-22 23:57:57.507,1.0
AS14.26,2014-02-23 00:51:07.934,1.0
AS14.26,2014-02-23 01:24:02.967,1.0
AS14.26,2014-02-23 01:36:19.122,1.0
AS14.26,2014-02-24 15:07:11.013,1.0
AS14.26,2014-02-24 17:00:10.336,1.0
AS14.26,2014-03-01 19:18:28.773,1.0
AS14.26,2014-03-01 20:40:33.543,1.0
AS14.26,2014-03-05 10:59:50.177,1.0
AS14.26,2014-03-05 11:19:11.342,1.0
AS14.26,2014-03-07 10:52:49.240,1.0
AS14.26,2014-03-09 17:31:49.286,1.0
AS14.26,2014-03-09 17:38:02.480,1.0
AS14.26,2014-03-10 15:56:20.302,1.0
AS14.26,2014-03-15 09:46:45.404,1.0
AS14.26,2014-03-15 11:22:11.621,1.0
AS14.26,2014-03-15 11:49:34.644,1.0
AS14.26,2014-03-16 10:07:45.381,1.0
AS14.26,2014-03-22 10:23:08.052,1.0
AS14.26,2014-03-22 13:03:11.092,1.0
AS14.26,2014-03-23 12:50:18.332,1.0
AS14.26,2014-03-23 12:51:56.288,1.0
AS14.26,2014-03-23 13:17:52.364,1.0
AS14.26,2014-03-24 20:39:55.447,1.0
AS14.26,2014-03-24 20:41:12.403,1.0
AS14.26,2014-04-01 17:56:50.302,1.0
AS14.26,2014-04-01 17:57:33.898,1.0
AS14.26,2014-04-02 15:09:22.204,1.0
AS14.26,2014-04-02 15:10:42.990,1.0
AS14.26,2014-04-05 15:45:23.874,1.0
AS14.26,2014-04-05 15:50:58.982,1.0
AS14.26,2014-04-07 13:15:03.831,1.0
AS14.26,2014-04-07 15:48:28.453,1.0
AS14.26,2014-04-07 16:52:03.483,1.0
AS14.26,2014-04-11 16:50:36.811,1.0
AS14.26,2014-04-15 08:55:08.552,1.0
AS14.26,2014-04-15 08:56:21.815,1.0
AS14.26,2014-04-15 09:01:56.500,1.0
AS14.26,2014-04-15 09:03:24.226,1.0
AS14.26,2014-04-16 23:16:04.627,1.0
AS14.26,2014-04-18 17:56:29.250,1.0
AS14.26,2014-04-18 17:58:40.698,1.0
AS14.26,2014-04-18 18:04:54.819,1.0
AS14.26,2014-04-18 18:06:39.812,1.0
AS14.26,2014-04-18 18:11:35.565,1.0
AS14.26,2014-04-18 18:13:00.772,1.0
AS14.26,2014-04-18 18:18:44.237,1.0
AS14.26,2014-04-23 10:17:29.234,1.0
AS14.26,2014-04-27 16:49:58.908,1.0
AS14.26,2014-04-27 16:51:31.519,1.0
AS14.26,2014-05-05 21:54:24.232,1.0
AS14.26,2014-05-05 21:56:21.851,1.0
AS14.26,2014-05-05 22:06:29.391,1.0
AS14.26,2014-05-06 13:15:59.190,1.0
AS14.26,2014-05-10 21:27:44.134,1.0
AS14.26,2014-05-11 16:28:51.740,1.0
AS14.26,2014-05-14 17:20:54.071,1.0
AS14.26,2014-05-14 18:00:07.084,1.0
AS14.27,2014-02-18 18:38:47.605,1.0
AS14.27,2014-02-18 18:43:22.963,1.0
AS14.27,2014-02-18 19:09:24.503,1.0
AS14.27,2014-02-18 19:09:57.454,1.0
AS14.27,2014-02-20 06:18:34.803,1.0
AS14.27,2014-02-20 07:31:52.286,1.0
AS14.27,2014-02-20 07:59:24.167,1.0
AS14.27,2014-02-20 08:00:51.694,1.0
AS14.27,2014-02-20 08:03:49.293,1.0
AS14.27,2014-02-20 08:04:17.088,1.0
AS14.27,2014-02-20 10:28:48.391,1.0
AS14.27,2014-02-20 10:28:52.628,1.0
AS14.27,2014-02-21 22:59:31.510,1.0
AS14.27,2014-02-22 20:28:34.082,1.0
AS14.27,2014-02-22 20:41:13.226,1.0
AS14.27,2014-02-22 20:42:20.766,1.0
AS14.27,2014-02-22 20:43:19.336,1.0
AS14.27,2014-02-22 20:45:08.732,1.0
AS14.27,2014-02-22 20:45:47.361,1.0
AS14.27,2014-02-22 20:46:38.002,1.0
AS14.27,2014-02-23 19:04:53.578,1.0
AS14.27,2014-02-23 19:05:25.115,1.0
AS14.27,2014-02-23 19:06:23.280,1.0
AS14.27,2014-02-24 18:25:44.562,1.0
AS14.27,2014-02-24 20:24:28.746,1.0
AS14.27,2014-02-26 17:32:02.242,1.0
AS14.27,2014-03-05 10:42:21.963,1.0
AS14.27,2014-03-05 10:44:22.361,1.0
AS14.27,2014-03-05 10:48:38.719,1.0
AS14.27,2014-03-07 08:54:24.365,1.0
AS14.27,2014-03-07 09:06:47.122,1.0
AS14.27,2014-03-07 09:07:10.598,1.0
AS14.27,2014-03-07 13:05:29.969,1.0
AS14.27,2014-03-08 09:40:45.545,1.0
AS14.27,2014-03-08 11:19:44.648,1.0
AS14.27,2014-03-08 11:20:55.404,1.0
AS14.27,2014-03-08 11:21:52.230,1.0
AS14.27,2014-03-10 15:29:21.059,1.0
AS14.27,2014-03-10 15:46:41.684,1.0
AS14.27,2014-03-10 18:01:17.023,1.0
AS14.27,2014-03-10 19:28:43.812,1.0
AS14.27,2014-03-13 17:37:00.055,1.0
AS14.27,2014-03-17 18:19:54.128,1.0
AS14.27,2014-03-17 18:21:30.642,1.0
AS14.27,2014-03-19 13:04:22.586,1.0
AS14.27,2014-03-19 13:05:56.696,1.0
AS14.27,2014-03-19 13:07:22.165,1.0
AS14.27,2014-03-19 13:07:35.056,1.0
AS14.27,2014-03-21 23:10:25.582,1.0
AS14.27,2014-03-25 16:10:46.831,1.0
AS14.27,2014-03-25 16:11:03.457,1.0
AS14.27,2014-03-25 16:12:02.252,1.0
AS14.27,2014-03-29 23:07:59.413,1.0
AS14.27,2014-03-30 17:31:02.295,1.0
AS14.27,2014-03-30 17:44:34.730,1.0
AS14.27,2014-03-30 17:45:48.147,1.0
AS14.27,2014-04-01 17:29:19.911,1.0
AS14.27,2014-04-02 08:46:31.441,1.0
AS14.27,2014-04-02 09:27:17.740,1.0
AS14.27,2014-04-02 14:19:24.483,1.0
AS14.27,2014-04-02 14:19:28.459,1.0
AS14.27,2014-04-03 22:47:53.328,1.0
AS14.27,2014-04-04 10:32:33.201,1.0
AS14.27,2014-04-04 22:36:22.078,1.0
AS14.27,2014-04-04 22:46:51.131,1.0
AS14.27,2014-04-04 22:49:13.976,1.0
AS14.27,2014-04-04 22:52:02.352,1.0
AS14.27,2014-04-05 13:52:43.536,1.0
AS14.27,2014-04-06 11:29:38.267,1.0
AS14.27,2014-04-06 11:50:26.595,1.0
AS14.27,2014-04-10 14:31:20.482,1.0
AS14.27,2014-04-10 14:32:18.535,1.0
AS14.27,2014-04-10 14:33:45.032,1.0
AS14.27,2014-04-10 15:44:03.637,1.0
AS14.27,2014-04-12 12:03:09.375,1.0
AS14.27,2014-04-13 12:14:09.391,1.0
AS14.27,2014-04-21 10:44:22.151,1.0
AS14.27,2014-04-22 08:04:10.273,1.0
AS14.27,2014-04-22 08:08:29.263,1.0
AS14.27,2014-04-22 08:12:17.259,1.0
AS14.27,2014-04-22 08:13:34.413,1.0
AS14.27,2014-04-22 08:14:40.059,1.0
AS14.27,2014-05-07 09:46:42.832,1.0
AS14.27,2014-05-07 09:48:29.927,1.0
AS14.27,2014-05-07 11:57:18.688,1.0
AS14.27,2014-05-07 12:12:34.075,1.0
AS14.27,2014-05-09 11:56:12.973,1.0
AS14.27,2014-05-09 11:56:32.026,1.0
AS14.27,2014-05-09 21:37:19.394,1.0
AS14.27,2014-05-09 21:45:14.805,1.0
AS14.27,2014-05-13 13:06:33.727,1.0
AS14.27,2014-05-13 13:08:09.071,1.0
AS14.27,2014-05-13 13:10:15.516,1.0
AS14.28,2014-02-17 09:48:49.536,1.0
AS14.28,2014-02-19 21:39:42.581,1.0
AS14.28,2014-03-04 15:14:08.788,1.0
AS14.28,2014-03-15 22:53:28.384,1.0
AS14.28,2014-03-24 10:31:41.825,1.0
AS14.28,2014-04-09 11:12:47.346,1.0
AS14.28,2014-04-11 04:37:40.592,1.0
AS14.28,2014-04-11 04:38:09.605,1.0
AS14.28,2014-04-11 04:38:20.035,1.0
AS14.28,2014-04-11 04:38:38.736,1.0
AS14.28,2014-04-11 04:39:34.016,1.0
AS14.28,2014-04-11 05:09:26.632,1.0
AS14.28,2014-04-11 07:57:27.095,1.0
AS14.28,2014-04-11 07:57:51.342,1.0
AS14.28,2014-04-14 12:29:29.209,1.0
AS14.28,2014-04-23 09:03:33.476,1.0
AS14.28,2014-05-01 14:00:22.756,1.0
AS14.29,2014-02-17 10:42:05.661,1.0
AS14.29,2014-02-19 23:33:57.484,1.0
AS14.29,2014-02-19 23:34:34.382,1.0
AS14.29,2014-02-19 23:47:33.174,1.0
AS14.29,2014-02-19 23:48:31.931,1.0
AS14.29,2014-02-19 23:50:55.812,1.0
AS14.29,2014-02-19 23:51:57.696,1.0
AS14.29,2014-02-19 23:53:20.611,1.0
AS14.29,2014-02-19 23:58:44.582,1.0
AS14.29,2014-02-19 23:59:36.926,1.0
AS14.29,2014-02-20 00:03:56.194,1.0
AS14.29,2014-02-20 00:06:26.164,1.0
AS14.29,2014-02-20 03:29:35.309,1.0
AS14.29,2014-02-22 11:53:27.299,1.0
AS14.29,2014-02-22 11:53:46.141,1.0
AS14.29,2014-02-22 11:54:07.941,1.0
AS14.29,2014-02-22 11:56:14.579,1.0
AS14.29,2014-02-22 13:48:17.186,1.0
AS14.29,2014-02-22 14:21:00.744,1.0
AS14.29,2014-02-22 20:10:01.453,1.0
AS14.29,2014-02-22 20:11:26.789,1.0
AS14.29,2014-02-23 18:58:01.339,1.0
AS14.29,2014-02-24 16:28:25.713,1.0
AS14.29,2014-02-27 16:30:57.990,1.0
AS14.29,2014-02-27 16:42:56.519,1.0
AS14.29,2014-02-28 18:13:21.063,1.0
AS14.29,2014-02-28 18:15:38.546,1.0
AS14.29,2014-03-02 10:34:00.233,1.0
AS14.29,2014-03-04 18:38:54.963,1.0
AS14.29,2014-03-06 00:44:03.240,1.0
AS14.29,2014-03-07 20:12:24.483,1.0
AS14.29,2014-03-07 23:03:40.174,1.0
AS14.29,2014-03-07 23:07:59.989,1.0
AS14.29,2014-03-07 23:13:38.207,1.0
AS14.29,2014-03-07 23:15:17.756,1.0
AS14.29,2014-03-08 09:45:08.596,1.0
AS14.29,2014-03-08 10:01:45.286,1.0
AS14.29,2014-03-08 10:08:21.869,1.0
AS14.29,2014-03-08 21:18:06.744,1.0
AS14.29,2014-03-08 21:27:02.404,1.0
AS14.29,2014-03-08 21:28:46.543,1.0
AS14.29,2014-03-13 16:19:29.907,1.0
AS14.29,2014-03-13 16:22:26.798,1.0
AS14.29,2014-03-13 16:27:41.163,1.0
AS14.29,2014-03-13 16:29:43.298,1.0
AS14.29,2014-03-13 16:31:10.677,1.0
AS14.29,2014-03-14 14:01:43.950,1.0
AS14.29,2014-03-15 09:31:17.318,1.0
AS14.29,2014-03-15 10:20:18.140,1.0
AS14.29,2014-03-15 18:11:43.292,1.0
AS14.29,2014-03-19 21:39:19.734,1.0
AS14.29,2014-03-20 09:00:29.907,1.0
AS14.29,2014-03-20 09:05:00.178,1.0
AS14.29,2014-03-20 09:06:25.835,1.0
AS14.29,2014-03-21 15:30:59.861,1.0
AS14.29,2014-03-21 19:16:54.118,1.0
AS14.29,2014-03-22 10:58:22.292,1.0
AS14.29,2014-03-24 08:02:33.871,1.0
AS14.29,2014-03-25 08:01:25.545,1.0
AS14.29,2014-03-25 17:04:38.809,1.0
AS14.29,2014-03-25 17:05:51.312,1.0
AS14.29,2014-03-25 17:08:02.088,1.0
AS14.29,2014-03-25 18:52:25.066,1.0
AS14.29,2014-03-25 18:54:41.332,1.0
AS14.29,2014-03-25 18:58:56.230,1.0
AS14.29,2014-03-25 20:53:37.507,1.0
AS14.29,2014-03-31 16:58:14.729,1.0
AS14.29,2014-03-31 16:58:58.066,1.0
AS14.29,2014-03-31 16:59:15.474,1.0
AS14.29,2014-03-31 17:02:03.346,1.0
AS14.29,2014-04-01 15:54:06.301,1.0
AS14.29,2014-04-01 15:58:59.423,1.0
AS14.29,2014-04-01 16:00:26.312,1.0
AS14.29,2014-04-02 08:38:03.903,1.0
AS14.29,2014-04-02 09:00:27.292,1.0
AS14.29,2014-04-05 18:17:36.611,1.0
AS14.29,2014-04-05 18:22:52.568,1.0
AS14.29,2014-04-06 00:17:52.836,1.0
AS14.29,2014-04-06 00:37:36.256,1.0
AS14.29,2014-04-06 00:42:41.000,1.0
AS14.29,2014-04-06 00:43:20.986,1.0
AS14.29,2014-04-06 00:50:30.535,1.0
AS14.29,2014-04-06 00:51:10.500,1.0
AS14.29,2014-04-08 08:39:06.086,1.0
AS14.29,2014-04-08 09:00:27.529,1.0
AS14.29,2014-04-08 13:46:35.197,1.0
AS14.29,2014-04-08 13:51:14.858,1.0
AS14.29,2014-04-10 14:26:46.196,1.0
AS14.29,2014-04-10 22:31:53.438,1.0
AS14.29,2014-04-10 22:42:11.632,1.0
AS14.29,2014-04-12 09:03:14.016,1.0
AS14.29,2014-04-15 17:04:26.994,1.0
AS14.29,2014-04-16 12:34:38.135,1.0
AS14.29,2014-04-16 12:35:01.727,1.0
AS14.29,2014-04-16 18:22:05.095,1.0
AS14.29,2014-04-16 18:22:33.191,1.0
AS14.29,2014-04-16 18:27:18.016,1.0
AS14.29,2014-04-17 16:40:44.183,1.0
AS14.29,2014-04-17 16:45:03.447,1.0
AS14.29,2014-04-17 17:33:15.030,1.0
AS14.29,2014-04-17 17:34:45.755,1.0
AS14.29,2014-04-18 15:01:00.486,1.0
AS14.29,2014-04-19 16:30:38.520,1.0
AS14.29,2014-04-19 16:31:39.539,1.0
AS14.29,2014-04-19 17:45:56.354,1.0
AS14.29,2014-04-22 08:14:08.209,1.0
AS14.29,2014-04-22 08:14:48.631,1.0
AS14.29,2014-04-22 16:23:56.355,1.0
AS14.29,2014-04-22 16:24:21.664,1.0
AS14.29,2014-04-22 16:24:40.295,1.0
AS14.29,2014-04-22 16:26:59.459,1.0
AS14.29,2014-04-22 16:30:10.868,1.0
AS14.29,2014-04-22 16:34:44.641,1.0
AS14.29,2014-04-22 16:39:35.256,1.0
AS14.29,2014-04-22 23:22:00.484,1.0
AS14.29,2014-04-22 23:55:38.601,1.0
AS14.29,2014-04-23 08:02:34.651,1.0
AS14.29,2014-04-24 07:57:38.065,1.0
AS14.29,2014-04-24 08:00:28.888,1.0
AS14.29,2014-04-24 08:09:30.177,1.0
AS14.29,2014-04-25 08:03:14.170,1.0
AS14.29,2014-04-26 11:02:24.486,1.0
AS14.29,2014-04-26 11:02:58.390,1.0
AS14.29,2014-04-26 11:52:45.592,1.0
AS14.29,2014-04-26 13:51:32.243,1.0
AS14.29,2014-04-29 13:23:45.387,1.0
AS14.29,2014-04-30 14:05:12.984,1.0
AS14.29,2014-04-30 18:11:18.720,1.0
AS14.29,2014-05-02 01:00:51.252,1.0
AS14.29,2014-05-02 22:17:28.401,1.0
AS14.29,2014-05-02 22:18:18.868,1.0
AS14.29,2014-05-02 22:18:40.811,1.0
AS14.29,2014-05-02 22:19:19.332,1.0
AS14.29,2014-05-02 22:20:30.401,1.0
AS14.29,2014-05-02 22:21:35.147,1.0
AS14.29,2014-05-03 14:05:32.530,1.0
AS14.29,2014-05-03 16:07:40.046,1.0
AS14.29,2014-05-04 00:16:47.227,1.0
AS14.29,2014-05-04 17:29:08.025,1.0
AS14.29,2014-05-04 17:31:00.381,1.0
AS14.29,2014-05-04 19:22:16.704,1.0
AS14.29,2014-05-04 19:36:32.206,1.0
AS14.29,2014-05-04 20:30:35.900,1.0
AS14.29,2014-05-04 20:31:38.720,1.0
AS14.29,2014-05-05 17:40:49.371,1.0
AS14.29,2014-05-05 17:41:03.493,1.0
AS14.29,2014-05-05 17:45:53.217,1.0
AS14.29,2014-05-05 17:46:48.713,1.0
AS14.29,2014-05-05 19:05:07.582,1.0
AS14.29,2014-05-05 19:18:08.920,1.0
AS14.29,2014-05-05 19:31:50.371,1.0
AS14.29,2014-05-05 21:21:49.950,1.0
AS14.29,2014-05-05 21:38:08.028,1.0
AS14.29,2014-05-05 21:39:07.838,1.0
AS14.29,2014-05-05 21:58:38.237,1.0
AS14.29,2014-05-05 22:01:59.733,1.0
AS14.29,2014-05-05 22:03:14.332,1.0
AS14.29,2014-05-05 22:20:47.372,1.0
AS14.29,2014-05-05 22:33:42.917,1.0
AS14.29,2014-05-05 22:43:01.010,1.0
AS14.29,2014-05-05 22:43:07.381,1.0
AS14.29,2014-05-08 15:14:40.197,1.0
AS14.29,2014-05-08 22:13:57.049,1.0
AS14.29,2014-05-10 15:32:53.293,1.0
AS14.29,2014-05-12 18:55:21.996,1.0
AS14.29,2014-05-12 19:33:40.634,1.0
AS14.29,2014-05-12 19:42:59.681,1.0
AS14.29,2014-05-12 19:44:29.871,1.0
AS14.29,2014-05-12 19:54:02.493,1.0
AS14.29,2014-05-12 23:00:45.632,1.0
AS14.29,2014-05-13 15:32:07.769,1.0
AS14.29,2014-05-13 16:51:10.565,1.0
AS14.29,2014-05-13 17:02:12.529,1.0
AS14.29,2014-05-13 17:02:42.647,1.0
AS14.29,2014-05-13 18:51:25.855,1.0
AS14.29,2014-05-13 18:53:08.819,1.0
AS14.30,2014-02-22 22:43:54.517,1.0
AS14.30,2014-02-22 22:56:38.509,1.0
AS14.30,2014-02-22 22:58:18.147,1.0
AS14.30,2014-02-22 23:02:38.984,1.0
AS14.30,2014-02-22 23:03:21.701,1.0
AS14.30,2014-02-22 23:16:42.661,1.0
AS14.30,2014-02-23 11:30:20.641,1.0
AS14.30,2014-03-12 15:10:16.273,1.0
AS14.30,2014-03-12 15:10:41.273,1.0
AS14.30,2014-03-12 15:11:21.644,1.0
AS14.30,2014-03-12 21:20:10.158,1.0
AS14.30,2014-03-12 21:22:11.269,1.0
AS14.30,2014-03-21 12:21:50.963,1.0
AS14.30,2014-03-21 12:23:41.865,1.0
AS14.30,2014-04-01 22:25:33.131,1.0
AS14.30,2014-04-01 22:26:03.690,1.0
AS14.30,2014-04-09 15:12:26.951,1.0
AS14.30,2014-04-09 15:12:58.073,1.0
AS14.30,2014-04-09 15:19:59.943,1.0
AS14.30,2014-04-09 15:20:29.528,1.0
AS14.30,2014-04-09 15:21:51.779,1.0
AS14.30,2014-04-10 15:22:07.815,1.0
AS14.30,2014-04-10 15:28:13.427,1.0
AS14.30,2014-04-22 03:02:34.187,1.0
AS14.30,2014-04-22 04:04:21.946,1.0
AS14.30,2014-04-22 22:10:00.638,1.0
AS14.30,2014-04-28 17:54:30.178,1.0
AS14.30,2014-04-28 18:03:07.831,1.0
AS14.30,2014-04-29 18:03:37.729,1.0
AS14.31,2014-02-17 21:54:40.516,1.0
AS14.31,2014-02-22 15:59:04.885,1.0
AS14.31,2014-02-22 21:10:19.253,1.0
AS14.31,2014-02-22 21:11:05.016,1.0
AS14.31,2014-02-24 10:46:11.565,1.0
AS14.31,2014-02-24 10:47:43.217,1.0
AS14.31,2014-02-25 15:49:32.599,1.0
AS14.31,2014-02-25 17:02:24.842,1.0
AS14.31,2014-02-25 17:13:12.081,1.0
AS14.31,2014-02-26 11:52:58.381,1.0
AS14.31,2014-02-26 11:58:53.484,1.0
AS14.31,2014-02-26 12:08:00.558,1.0
AS14.31,2014-03-01 14:22:59.180,1.0
AS14.31,2014-03-01 14:23:57.540,1.0
AS14.31,2014-03-03 11:17:07.849,1.0
AS14.31,2014-03-03 11:35:46.332,1.0
AS14.31,2014-03-03 17:56:59.311,1.0
AS14.31,2014-03-04 21:17:58.466,1.0
AS14.31,2014-03-06 20:19:44.196,1.0
AS14.31,2014-03-07 10:04:54.608,1.0
AS14.31,2014-03-08 13:12:26.515,1.0
AS14.31,2014-03-08 19:58:42.825,1.0
AS14.31,2014-03-08 20:01:00.069,1.0
AS14.31,2014-03-08 20:01:42.426,1.0
AS14.31,2014-03-08 21:18:30.947,1.0
AS14.31,2014-03-08 21:20:56.265,1.0
AS14.31,2014-03-08 21:26:24.650,1.0
AS14.31,2014-03-10 14:05:09.598,1.0
AS14.31,2014-03-10 15:29:49.660,1.0
AS14.31,2014-03-11 17:44:03.566,1.0
AS14.31,2014-03-13 12:28:30.351,1.0
AS14.31,2014-03-14 15:57:49.664,1.0
AS14.31,2014-03-14 20:22:37.467,1.0
AS14.31,2014-03-14 20:24:12.484,1.0
AS14.31,2014-03-14 20:27:22.763,1.0
AS14.31,2014-03-14 20:28:07.323,1.0
AS14.31,2014-03-16 15:02:06.296,1.0
AS14.31,2014-03-19 12:24:35.561,1.0
AS14.31,2014-03-20 15:06:40.289,1.0
AS14.31,2014-03-20 17:04:11.868,1.0
AS14.31,2014-03-23 21:44:13.841,1.0
AS14.31,2014-03-24 21:03:17.036,1.0
AS14.31,2014-03-27 19:00:13.336,1.0
AS14.31,2014-03-27 19:00:51.163,1.0
AS14.31,2014-03-27 19:01:19.516,1.0
AS14.31,2014-03-31 12:27:44.381,1.0
AS14.31,2014-03-31 15:20:01.173,1.0
AS14.31,2014-04-01 07:55:12.762,1.0
AS14.31,2014-04-01 08:50:52.753,1.0
AS14.31,2014-04-01 13:01:12.437,1.0
AS14.31,2014-04-06 23:31:11.408,1.0
AS14.31,2014-04-07 14:04:56.789,1.0
AS14.31,2014-04-07 14:25:01.638,1.0
AS14.31,2014-04-10 14:32:52.026,1.0
AS14.31,2014-04-10 16:50:07.559,1.0
AS14.31,2014-04-10 17:41:31.413,1.0
AS14.31,2014-04-11 18:05:51.756,1.0
AS14.31,2014-04-11 20:27:50.065,1.0
AS14.31,2014-04-13 14:23:49.392,1.0
AS14.31,2014-04-14 09:03:37.772,1.0
AS14.31,2014-04-14 09:05:28.973,1.0
AS14.31,2014-04-21 19:39:44.684,1.0
AS14.31,2014-04-21 22:24:13.770,1.0
AS14.31,2014-04-22 10:07:28.615,1.0
AS14.31,2014-04-22 12:22:39.744,1.0
AS14.31,2014-04-22 12:35:02.374,1.0
AS14.31,2014-04-22 22:22:44.421,1.0
AS14.31,2014-04-26 09:53:12.388,1.0
AS14.31,2014-04-26 16:36:03.565,1.0
AS14.31,2014-04-28 16:27:10.361,1.0
AS14.31,2014-04-29 12:08:12.289,1.0
AS14.31,2014-04-29 12:10:27.204,1.0
AS14.31,2014-04-29 20:30:18.510,1.0
AS14.31,2014-04-29 20:44:40.223,1.0
AS14.31,2014-05-01 11:01:15.954,1.0
AS14.31,2014-05-01 11:11:46.092,1.0
AS14.31,2014-05-01 11:20:56.400,1.0
AS14.31,2014-05-02 16:27:27.553,1.0
AS14.32,2014-02-19 14:22:07.000,1.0
AS14.32,2014-02-19 17:05:09.000,1.0
AS14.32,2014-02-19 19:03:09.000,1.0
AS14.32,2014-02-20 14:21:58.000,1.0
AS14.32,2014-02-21 17:16:26.000,1.0
AS14.32,2014-02-23 10:45:25.000,1.0
AS14.32,2014-02-28 17:34:28.000,1.0
AS14.32,2014-03-04 12:58:48.000,1.0
AS14.32,2014-03-05 17:40:05.000,1.0
AS14.32,2014-03-06 11:14:08.000,1.0
AS14.32,2014-03-09 17:10:50.769,1.0
AS14.32,2014-03-09 17:13:32.000,1.0
AS14.32,2014-03-22 11:46:41.319,1.0
AS14.32,2014-03-22 12:00:21.000,1.0
AS14.32,2014-03-27 16:37:05.000,1.0
AS14.32,2014-03-29 11:23:30.000,1.0
AS14.32,2014-03-31 18:01:17.000,1.0
AS14.32,2014-04-02 18:25:23.000,1.0
AS14.32,2014-04-02 18:57:57.000,1.0
AS14.32,2014-04-03 16:56:38.000,1.0
AS14.32,2014-04-04 07:52:01.000,1.0
AS14.32,2014-04-04 12:38:38.404,1.0
AS14.32,2014-04-04 19:51:27.000,1.0
AS14.32,2014-04-04 23:55:31.496,1.0
AS14.32,2014-04-06 15:28:53.203,1.0
AS14.32,2014-04-06 19:37:05.885,1.0
AS14.32,2014-04-06 19:39:32.000,1.0
AS14.32,2014-04-06 20:16:00.864,1.0
AS14.32,2014-04-07 16:44:51.000,1.0
AS14.32,2014-04-07 16:45:29.563,1.0
AS14.32,2014-04-07 16:45:49.000,1.0
AS14.32,2014-04-07 16:46:02.000,1.0
AS14.32,2014-04-07 17:34:01.394,1.0
AS14.32,2014-04-07 18:41:42.000,1.0
AS14.32,2014-04-07 19:00:55.210,1.0
AS14.32,2014-04-07 19:27:44.000,1.0
AS14.32,2014-04-09 18:16:36.000,1.0
AS14.32,2014-04-09 18:29:28.000,1.0
AS14.32,2014-04-11 17:39:45.000,1.0
AS14.32,2014-04-12 20:46:40.000,1.0
AS14.32,2014-04-12 21:10:39.381,1.0
AS14.32,2014-04-15 20:52:15.000,1.0
AS14.32,2014-04-15 22:18:17.000,1.0
AS14.32,2014-04-18 18:15:44.000,1.0
AS14.32,2014-04-23 14:45:34.000,1.0
AS14.32,2014-04-25 08:18:31.000,1.0
AS14.32,2014-04-30 18:23:07.000,1.0
AS14.32,2014-04-30 18:38:51.000,1.0
AS14.32,2014-04-30 21:18:55.000,1.0
AS14.32,2014-05-04 14:30:51.000,1.0
AS14.32,2014-05-08 18:38:06.000,1.0
AS14.32,2014-05-08 20:58:31.000,1.0
AS14.33,2014-02-19 13:48:24.505,1.0
AS14.33,2014-02-21 14:58:13.503,1.0
AS14.33,2014-02-21 15:00:53.604,1.0
AS14.33,2014-02-25 13:07:29.493,1.0
AS14.33,2014-02-27 21:34:14.154,1.0
AS14.33,2014-03-01 18:16:43.542,1.0
AS14.33,2014-03-04 19:51:53.969,1.0
AS14.33,2014-03-05 15:03:24.341,1.0
AS14.33,2014-03-05 18:56:28.357,1.0
AS14.33,2014-03-10 14:00:28.463,1.0
AS14.33,2014-03-13 15:25:23.651,1.0
AS14.33,2014-03-14 15:45:25.907,1.0
AS14.33,2014-03-15 14:22:33.002,1.0
AS14.33,2014-03-19 17:59:59.993,1.0
AS14.33,2014-03-24 00:29:49.365,1.0
AS14.33,2014-03-25 14:18:07.947,1.0
AS14.33,2014-03-26 19:01:53.181,1.0
AS14.33,2014-03-29 19:34:19.969,1.0
AS14.33,2014-03-29 19:34:22.285,1.0
AS14.33,2014-03-29 22:33:34.244,1.0
AS14.33,2014-03-30 10:21:00.367,1.0
AS14.33,2014-03-30 10:22:26.368,1.0
AS14.33,2014-04-02 14:27:21.368,1.0
AS14.33,2014-04-09 14:38:10.786,1.0
AS14.33,2014-04-11 21:43:50.773,1.0
AS14.33,2014-04-15 15:28:13.119,1.0
AS14.33,2014-04-16 16:43:41.431,1.0
AS14.33,2014-04-18 12:12:41.138,1.0
AS14.33,2014-04-24 14:02:44.055,1.0
AS14.33,2014-04-24 23:30:28.744,1.0
AS14.33,2014-04-24 23:30:35.875,1.0
AS14.33,2014-04-25 10:06:41.543,1.0
AS14.33,2014-04-25 23:32:42.198,1.0
AS14.33,2014-04-26 00:14:40.513,1.0
AS14.33,2014-04-26 00:14:44.473,1.0
AS14.33,2014-04-26 15:11:07.112,1.0
AS14.33,2014-04-26 19:34:31.684,1.0
AS14.33,2014-04-28 14:52:30.690,1.0
AS14.33,2014-04-29 17:30:52.594,1.0
AS14.33,2014-05-01 11:54:11.325,1.0
AS14.33,2014-05-02 00:56:41.977,1.0
AS14.33,2014-05-02 22:39:34.812,1.0
AS14.33,2014-05-02 22:39:41.615,1.0
AS14.33,2014-05-03 16:36:34.299,1.0
AS14.33,2014-05-04 04:13:12.312,1.0
AS14.33,2014-05-06 12:37:32.193,1.0
AS14.33,2014-05-07 11:45:32.105,1.0
AS14.33,2014-05-09 11:33:38.305,1.0
AS14.33,2014-05-09 11:34:58.512,1.0
AS14.33,2014-05-15 11:32:13.134,1.0
AS14.33,2014-05-15 21:33:22.494,1.0
AS14.33,2014-05-17 10:42:29.637,1.0
AS14.33,2014-05-23 00:53:53.315,1.0
AS14.33,2014-05-25 04:11:20.318,1.0
AS14.33,2014-05-26 11:24:59.611,1.0
AS14.33,2014-05-26 14:29:10.921,1.0
AS14.33,2014-05-26 14:42:25.733,1.0
AS14.33,2014-05-27 10:52:19.687,1.0
AS14.33,2014-05-27 10:56:27.632,1.0
AS14.33,2014-05-28 19:21:19.711,1.0
AS14.33,2014-05-29 23:07:30.677,1.0
